<?xml version="1.0" encoding="UTF-8" ?>
<Amazon_Review>
<TEXT><![CDATA[L-Glutamine 500gram - 17.6 oz - Powder

Using L-Glutamine as a supplement for my dog fighting Canine Lymphoma.  Was recommended by a holistic vet via a friend in a similar circumstance.  This is the third container I've purchased thru Amazon.
]]></TEXT>
<TAGS>
<Product spans="46~57" text="L-Glutamine" id="P1" Type="Itself"/>
<Cancer_type spans="94~109" text="Canine Lymphoma" id="C0" Certainty="Positive" Class="Pet"/>
<Product spans="205~214" text="container" id="P2" Type="Itself"/>
<Product spans="0~11" text="L-Glutamine" id="P3" Type="Itself"/>
</TAGS>
<META/>
</Amazon_Review>