<?xml version="1.0" encoding="UTF-8" ?>
<Amazon_Review>
<TEXT><![CDATA[Essiac Capsules 500 mg, 60 Vegetarian Capsules

I researched many different alternative ways to help a family member who was shockingly diagnosed with non-hodgkins lymphoma, a blood cancer. (I must say that the power of prayer is first and foremost in my books, but for those who are not religious, put that comment aside please and read on.)I wanted to find products that could help could help clean the blood and boost the body's immune system. I read great things about the real Essiac and how it has been used for many, many years with great outcomes.It is expensive, but completely worth it. After only several months of taking this daily along with these other products, which I will list below, the cancer disappeared. It was a truly miracle to all of us and the doctors could not explain it, but I believe that these products greatly helped along with a change in diet (eliminate sugar and eat veggies). The other products that were taken in combination with this were, listed from most important to least taken were: Modifilan, IP-6, Source Naturals Immune Defense (mushrooms), liquid chlorophyll, Krill oil, Purple Defense, Momordica extract, Curcumin. Yes, I know it's a lot and you can never know for sure which one helped the most, but maybe the combination of them all did. I just wanted to list them so that others who might be in a similar situation, who are looking for cancer fighting products, can easily see what may work for them.
]]></TEXT>
<TAGS>
<Cancer_type spans="151~172" text="non-hodgkins lymphoma" id="C0" Certainty="Positive" Class="Human"/>
<Product spans="482~488" text="Essiac" id="P1" Type="Other"/>
<Product spans="1026~1035" text="Modifilan" id="P2" Type="Other"/>
<Product spans="1037~1041" text="IP-6" id="P3" Type="Other"/>
<Product spans="1043~1085" text="Source Naturals Immune Defense (mushrooms)" id="P4" Type="Other"/>
<Product spans="1087~1105" text="liquid chlorophyll" id="P5" Type="Other"/>
<Product spans="1107~1116" text="Krill oil" id="P6" Type="Other"/>
<Product spans="1118~1132" text="Purple Defense" id="P7" Type="Other"/>
<Product spans="1134~1151" text="Momordica extract" id="P8" Type="Other"/>
<Product spans="1153~1161" text="Curcumin" id="P9" Type="Other"/>
<Cancer_type spans="176~188" text="blood cancer" id="C1" Certainty="Positive" Class="Human"/>
<Cancer_type spans="1387~1393" text="cancer" id="C2" Certainty="Hypothetical" Class="Human"/>
<Product spans="359~367" text="products" id="P10" Type="Other"/>
<Favorable_outcome spans="415~445" text="boost the body's immune system" id="F1" Class="Cancer_related" Certainty="Hypothetical"/>
<Favorable_outcome spans="390~410" text="help clean the blood" id="F2" Class="Cancer_related" Certainty="Hypothetical"/>
<Product spans="497~499" text="it" id="P11" Type="Other"/>
<Product spans="555~557" text="it" id="P12" Type="Other"/>
<Product spans="593~595" text="it" id="P13" Type="Other"/>
<Product spans="633~637" text="This" id="P14" Type="Itself"/>
<Product spans="667~675" text="products" id="P15" Type="Other"/>
<Cancer_type spans="706~712" text="cancer" id="C3" Certainty="Positive" Class="Human"/>
<Favorable_outcome spans="706~724" text="cancer disappeared" id="F3" Class="Cancer_related" Certainty="Positive"/>
<Product spans="825~833" text="products" id="P16" Type="Other"/>
<Favorable_outcome spans="834~848" text="greatly helped" id="F4" Class="Cancer_related" Certainty="Positive"/>
<Favorable_outcome spans="862~876" text="change in diet" id="F5" Class="Cancer_related" Certainty="Positive"/>
<Product spans="922~930" text="products" id="P17" Type="Other"/>
<Product spans="967~971" text="This" id="P18" Type="Itself"/>
<Favorable_outcome spans="1228~1234" text="helped" id="F6" Class="Cancer_related" Certainty="Positive"/>
<Product spans="1274~1278" text="them" id="P19" Type="Other"/>
<Product spans="1310~1314" text="them" id="P20" Type="Other"/>
<Indicated_symptom spans="1387~1402" text="cancer fighting" id="I0" Class="Cancer_related" Certainty="Hypothetical"/>
<Product spans="1403~1411" text="products" id="P21" Type="Other"/>
<Product spans="0~15" text="Essiac Capsules" id="P22" Type="Itself"/>
<Product spans="27~46" text="Vegetarian Capsules" id="P23" Type="Itself"/>
</TAGS>
<META/>
</Amazon_Review>