<?xml version="1.0" encoding="UTF-8" ?>
<Amazon_Review>
<TEXT><![CDATA[MYOFUSION PROBIOTC VAN 10LB/BG

This product has cancer causing soy lecithin. I just had a cancerous kidney removed because of soy lecithin found in Protein bars and Drinks I've used over the years.  I'm finding out that soy lecithin is in almost every sports nutrition supplement, especially Protein Drinks.  90% of all Soy is GMO  Genetically Modified Organism know to cause heath problems.  I know it gave me cancer. Do some research. I wish I had.
]]></TEXT>
<TAGS>
<Product spans="37~44" text="product" id="P1" Type="Itself"/>
<Cancer_type spans="49~55" text="cancer" id="C0" Certainty="Hypothetical" Class="Human"/>
<Harmful_outcome spans="49~76" text="cancer causing soy lecithin" id="H0" Class="Cancer_related" Certainty="Positive"/>
<Cancer_type spans="91~107" text="cancerous kidney" id="C1" Certainty="Positive" Class="Human"/>
<Product spans="401~403" text="it" id="P2" Type="Itself"/>
<Cancer_type spans="412~418" text="cancer" id="C2" Certainty="Positive" Class="Human"/>
<Harmful_outcome spans="404~418" text="gave me cancer" id="H2" Class="Cancer_related" Certainty="Positive"/>
<Product spans="0~22" text="MYOFUSION PROBIOTC VAN" id="P3" Type="Itself"/>
</TAGS>
<META/>
</Amazon_Review>