<?xml version="1.0" encoding="UTF-8" ?>
<Amazon_Review>
<TEXT><![CDATA[XyliMelts for Dry Mouth, Mint-Free, 80-Count Boxes

I have used Xylimelts for @ least 3 years.  First for a dry mouth due to some of my medications.  Then recently I had radiation for cancer.  After the radiation my mouth was so so dry.  The Xylimelts don't take all the dryness away, but the majority. They are the best help. A hint: I also use another product named Oasis Moisturizing Mouth Spray.It is also very good for dry mouth.
]]></TEXT>
<TAGS>
<Product spans="64~73" text="Xylimelts" id="P1" Type="Itself"/>
<Indicated_symptom spans="108~117" text="dry mouth" id="I0" Class="Other" Certainty="Positive"/>
<Cancer_type spans="184~190" text="cancer" id="C0" Certainty="Positive" Class="Human"/>
<Product spans="242~251" text="Xylimelts" id="P2" Type="Itself"/>
<Favorable_outcome spans="252~301" text="don't take all the dryness away, but the majority" id="F0" Class="Other" Certainty="Positive"/>
<Product spans="368~398" text="Oasis Moisturizing Mouth Spray" id="P3" Type="Other"/>
<Product spans="399~401" text="it" id="P4" Type="Other"/>
<Indicated_symptom spans="424~433" text="dry mouth" id="I1" Class="Cancer_related" Certainty="Positive"/>
<Indicated_symptom spans="213~235" text="my mouth was so so dry" id="I2" Class="Cancer_related" Certainty="Positive"/>
<Product spans="303~307" text="They" id="P5" Type="Itself"/>
<Product spans="354~361" text="product" id="P6" Type="Other"/>
<Favorable_outcome spans="399~433" text="It is also very good for dry mouth" id="F1" Class="Other" Certainty="Positive"/>
<Product spans="0~9" text="XyliMelts" id="P7" Type="Itself"/>
</TAGS>
<META/>
</Amazon_Review>