<?xml version="1.0" encoding="UTF-8" ?>
<Amazon_Review>
<TEXT><![CDATA[Clymaxxx For Women (10 Caps) - All Natural Female Libido Enhancement

It works for me! I went thur breast cancer 2012, it was cause by too much estrogen , Im taking medicine thats shutting down my ovaries, so my mood swing are not good. This has really changed my life!!! Even my husband can tell the difference, no, I dont like the price, but I ordered 2 more boxes, if it keeps working I will bye more. And by the way Im still cancer free!!! and I have no side effects taking this product.
]]></TEXT>
<TAGS>
<Product spans="70~72" text="it" id="P1" Type="Itself"/>
<Cancer_type spans="99~112" text="breast cancer" id="C0" Certainty="Positive" Class="Human"/>
<Cancer_type spans="429~435" text="cancer" id="C1" Certainty="Positive" Class="Human"/>
<Product spans="483~490" text="product" id="P2" Type="Itself"/>
<Favorable_outcome spans="73~85" text="works for me" id="F2" Class="Cancer_related" Certainty="Positive"/>
<Indicated_symptom spans="135~152" text="too much estrogen" id="I0" Class="Cancer_related" Certainty="Positive"/>
<Indicated_symptom spans="180~204" text="shutting down my ovaries" id="I1" Class="Cancer_related" Certainty="Positive"/>
<Indicated_symptom spans="209~235" text="my mood swing are not good" id="I2" Class="Cancer_related" Certainty="Positive"/>
<Product spans="237~241" text="This" id="P3" Type="Itself"/>
<Favorable_outcome spans="246~268" text="really changed my life" id="F3" Class="Cancer_related" Certainty="Positive"/>
<Product spans="371~373" text="it" id="P4" Type="Itself"/>
<Favorable_outcome spans="448~490" text="I have no side effects taking this product" id="F4" Class="Cancer_related" Certainty="Positive"/>
<Product spans="0~8" text="Clymaxxx" id="P6" Type="Itself"/>
</TAGS>
<META/>
</Amazon_Review>