<?xml version="1.0" encoding="UTF-8" ?>
<Amazon_Review>
<TEXT><![CDATA[Graviola (120 Capsules Bottle By Fresh Health Nutritions) (1300 mg)

I originally bought this for my mom because she has had cancer but wanted me to try it. I have to be careful with what I take and my doctor said I shouldn't because I am on other medication so I can't really give an honest opinion on how it is. The speed at which it was shipped was great!
]]></TEXT>
<TAGS>
<Cancer_type spans="125~131" text="cancer" id="C0" Certainty="Positive" Class="Human"/>
<Product spans="153~155" text="it" id="P1" Type="Itself"/>
<Product spans="307~309" text="it" id="P2" Type="Itself"/>
<Product spans="333~335" text="it" id="P3" Type="Itself"/>
<Product spans="89~93" text="This" id="P4" Type="Itself"/>
<Product spans="0~8" text="Graviola" id="P5" Type="Itself"/>
</TAGS>
<META/>
</Amazon_Review>