<?xml version="1.0" encoding="UTF-8" ?>
<Amazon_Review>
<TEXT><![CDATA[Immune Command X TM Immune system support, 120 capsules, High Quality Immune Support

I think that too many people are neglecting their health these days, but spending a lot of money on luxury items.  People wont be able to enjoy those kind of things without good health.  Cancer has moved into the number one position, ahead of heart disease for the number one natural cause of death before old age.I have been using this product for a while now and I just feel much more healthy.  I showed the bottle to one of my friends who is a medical doctor and she said that the forumula made a lot of sense.  I will continue to use it and I hope that others will take better care of themselves also.  Plenty of water, plenty of sleept, etc....
]]></TEXT>
<TAGS>
<Cancer_type spans="273~279" text="cancer" id="C0" Certainty="Hypothetical" Class="Human"/>
<Product spans="423~430" text="product" id="P1" Type="Itself"/>
<Favorable_outcome spans="451~480" text="I just feel much more healthy" id="F0" Class="Cancer_related" Certainty="Positive"/>
<Product spans="624~626" text="it" id="P2" Type="Itself"/>
<Product spans="496~502" text="bottle" id="P3" Type="Itself"/>
<Favorable_outcome spans="601~626" text="I will continue to use it" id="F1" Class="Cancer_related" Certainty="Positive"/>
<Product spans="0~41" text="Immune Command X TM Immune system support" id="P4" Type="Itself"/>
</TAGS>
<META/>
</Amazon_Review>