<?xml version="1.0" encoding="UTF-8" ?>
<Amazon_Review>
<TEXT><![CDATA[Garden of Life Wobenzym N - 400 Tablet

I am using these to help my dog fight cancer. Cancer causes inflammation/inflammation can result in cancer. This product is suppose to help with inflammation as well as digestion. I give my dog 4 caps 45 minutes before her dinner. She doesn't mind eating them if I put it in food , organic hotdogs (no nitrates, no chemicals) or some wet dog food but then again she is a little piggy:-)I chose this product because it has many enzymes in it...both for breaking down vegetables and meat.
]]></TEXT>
<TAGS>
<Cancer_type spans="78~84" text="cancer" id="C0" Certainty="Positive" Class="Pet"/>
<Cancer_type spans="86~92" text="cancer" id="C1" Certainty="Hypothetical" Class="Pet"/>
<Cancer_type spans="140~146" text="cancer" id="C2" Certainty="Hypothetical" Class="Pet"/>
<Product spans="51~56" text="these" id="P1" Type="Itself"/>
<Product spans="153~160" text="product" id="P2" Type="Itself"/>
<Indicated_symptom spans="100~112" text="inflammation" id="I0" Class="Cancer_related" Certainty="Positive"/>
<Indicated_symptom spans="113~125" text="inflammation" id="I1" Class="Cancer_related" Certainty="Positive"/>
<Product spans="295~299" text="them" id="P4" Type="Itself"/>
<Product spans="309~311" text="it" id="P5" Type="Itself"/>
<Product spans="439~446" text="product" id="P6" Type="Itself"/>
<Product spans="455~457" text="it" id="P7" Type="Itself"/>
<Product spans="478~480" text="it" id="P8" Type="Itself"/>
<Indicated_symptom spans="185~197" text="inflammation" id="I2" Class="Other" Certainty="Positive"/>
<Indicated_symptom spans="209~218" text="digestion" id="I3" Class="Other" Certainty="Positive"/>
<Product spans="0~25" text="Garden of Life Wobenzym N" id="P9" Type="Itself"/>
<Favorable_outcome spans="60~84" text="help my dog fight cancer" id="F0" Class="Cancer_related" Certainty="Positive"/>
<Favorable_outcome spans="175~218" text="help with inflammation as well as digestion" id="F1" Class="Cancer_related" Certainty="Positive"/>
<Product spans="236~240" text="caps" id="P10" Type="Itself"/>
<Favorable_outcome spans="488~525" text="for breaking down vegetables and meat" id="F2" Class="Other" Certainty="Positive"/>
</TAGS>
<META/>
</Amazon_Review>