<?xml version="1.0" encoding="UTF-8" ?>
<Amazon_Review>
<TEXT><![CDATA[ORIVeDA Chaga extract (180 vegetarian capsules)

I have found this to be a excellent product , have a family member with Cancer and this particular Chaga Extract has stopped his Cancer from spreading this is verified through P.E.T Scans and CAT Scans. Really happy with this Company very professional!
]]></TEXT>
<TAGS>
<Product spans="85~92" text="product" id="P1" Type="Itself"/>
<Cancer_type spans="121~127" text="cancer" id="C0" Certainty="Positive" Class="Human"/>
<Product spans="148~161" text="Chaga Extract" id="P2" Type="Itself"/>
<Product spans="0~21" text="ORIVeDA Chaga extract" id="P4" Type="Itself"/>
<Product spans="27~46" text="vegetarian capsules" id="P5" Type="Itself"/>
<Product spans="62~66" text="this" id="P6" Type="Itself"/>
<Cancer_type spans="178~184" text="Cancer" id="C1" Certainty="Positive" Class="Human"/>
<Favorable_outcome spans="166~199" text="stopped his Cancer from spreading" id="F0" Class="Cancer_related" Certainty="Positive"/>
<Favorable_outcome spans="252~300" text="Really happy with this Company very professional" id="F1" Class="Other" Certainty="Positive"/>
</TAGS>
<META/>
</Amazon_Review>