<?xml version="1.0" encoding="UTF-8" ?>
<Amazon_Review>
<TEXT><![CDATA[Enzymatic Therapy - Cell Forte Max 3 Maitake, 120 capsules [Health and Beauty]

Last July my small dog, 9 years old, was diagnosed with lung cancer, and given 4 months to live without treatment. She had trouble breathing and was gagging/chioking frequently. Chemo almost killed her, and didn't seem to be helping. It seemed metastasis had started during that treatment (3 doses). Doctor prescribed piroxicam (an anti-inflammatory). I found this product at the health food store maybe a month or two later. I've also been giving grain-free dog food and vitamins. After starting her on the Max3, there was a noticeable improvement, and fairly quickly. Over 10 months later, my dog is super-healthy and only gags a single time each morning and that's it. You wouldn't know she has lung cancer. We haven't gone back for x-rays - there doesn't seem to be any point. She's doing great.Unfortunately, last time I went to Whole Foods for a refill, they had switched over to selling only the regular IP-6 in tablet form, which is not convenient to sprinkle on my dog's food, so I ordered the \
]]></TEXT>
<TAGS>
<Cancer_type spans="136~147" text="lung cancer" id="C0" Certainty="Positive" Class="Pet"/>
<Product spans="445~452" text="product" id="P1" Type="Itself"/>
<Product spans="588~592" text="Max3" id="P4" Type="Itself"/>
<Favorable_outcome spans="606~648" text="noticeable improvement, and fairly quickly" id="F0" Class="Cancer_related" Certainty="Positive"/>
<Favorable_outcome spans="682~695" text="super-healthy" id="F1" Class="Cancer_related" Certainty="Positive"/>
<Favorable_outcome spans="700~736" text="only gags a single time each morning" id="F2" Class="Cancer_related" Certainty="Positive"/>
<Cancer_type spans="778~789" text="lung cancer" id="C1" Certainty="Positive" Class="Pet"/>
<Indicated_symptom spans="203~220" text="trouble breathing" id="I0" Class="Cancer_related" Certainty="Positive"/>
<Indicated_symptom spans="229~256" text="gagging/chioking frequently" id="I1" Class="Cancer_related" Certainty="Positive"/>
<Product spans="20~44" text="Cell Forte Max 3 Maitake" id="P6" Type="Itself"/>
<Indicated_symptom spans="314~346" text="It seemed metastasis had started" id="I2" Class="Cancer_related" Certainty="Positive"/>
<Favorable_outcome spans="861~878" text="She's doing great" id="F3" Class="Cancer_related" Certainty="Positive"/>
</TAGS>
<META/>
</Amazon_Review>