<?xml version="1.0" encoding="UTF-8" ?>
<Amazon_Review>
<TEXT><![CDATA[Enzymatic Therapy Cell Forte W/ip-6, 240 Capsules

I have been taking this for over three years since my last episode with breast cancer.  I have been fine and was put on this by my holistic practioneer.  This is also recommended by John Hopkins  as one of the best defenses against cancer. I believe.
]]></TEXT>
<TAGS>
<Cancer_type spans="123~136" text="breast cancer" id="C0" Certainty="Positive" Class="Human"/>
<Cancer_type spans="283~289" text="cancer" id="C1" Certainty="Hypothetical" Class="Human"/>
<Product spans="18~35" text="Cell Forte W/ip-6" id="P0" Type="Itself"/>
<Product spans="70~74" text="this" id="P1" Type="Itself"/>
<Product spans="171~175" text="this" id="P2" Type="Itself"/>
<Favorable_outcome spans="139~155" text="I have been fine" id="F0" Class="Cancer_related" Certainty="Positive"/>
<Product spans="205~209" text="This" id="P3" Type="Itself"/>
<Favorable_outcome spans="247~289" text="as one of the best defenses against cancer" id="F1" Class="Cancer_related" Certainty="Positive"/>
</TAGS>
<META/>
</Amazon_Review>