<?xml version="1.0" encoding="UTF-8" ?>
<Amazon_Review>
<TEXT><![CDATA[Mangosteen Whole Herb Solaray 100 Caps

I've been taking this for over 10 years now. I know it works because I ran out overseas and couldn't get anymore. My hands and legs started hurting badly within about a week. When I got back I started on it and the pain went away within a day or two. I also like the liquid form that is 100% Mangosteen. I mix it with apple or other juice. I don't buy the brands with juice already mixed because they don't tell you how much is juice and how much is Mangosteen. I called and wrote to XanGo to find out how much of their product was juice vs Mangosteen but no one seemed to know anywhere so after about 6 months I found this product and the 100% liquid bottles of Mangosteen Gold and they have worked great for many years. I found out about the Mangosteen plant from doctors treating cancer tumors as it aids in massively reducing many tumors before surgery. Google will have plenty on this subject if you want to know more information.
]]></TEXT>
<TAGS>
<Product spans="57~61" text="this" id="P1" Type="Itself"/>
<Product spans="92~94" text="it" id="P2" Type="Itself"/>
<Product spans="244~246" text="it" id="P3" Type="Itself"/>
<Favorable_outcome spans="255~289" text="pain went away within a day or two" id="F0" Class="Other" Certainty="Positive"/>
<Product spans="350~352" text="it" id="P4" Type="Itself"/>
<Product spans="560~567" text="product" id="P7" Type="Other"/>
<Product spans="664~671" text="product" id="P8" Type="Itself"/>
<Product spans="840~842" text="it" id="P10" Type="Itself"/>
<Product spans="0~29" text="Mangosteen Whole Herb Solaray" id="P11" Type="Itself"/>
<Product spans="581~591" text="Mangosteen" id="P12" Type="Other"/>
<Product spans="703~718" text="Mangosteen Gold" id="P13" Type="Other"/>
<Product spans="723~727" text="they" id="P14" Type="Other"/>
<Product spans="784~800" text="Mangosteen plant" id="P15" Type="Other"/>
<Cancer_type spans="875~881" text="tumors" id="C1" Certainty="Hypothetical" Class="Human"/>
<Favorable_outcome spans="861~881" text="reducing many tumors" id="F2" Class="Cancer_related" Certainty="Hypothetical"/>
<Indicated_symptom spans="154~193" text="My hands and legs started hurting badly" id="I0" Class="Other" Certainty="Positive"/>
<Product spans="332~342" text="Mangosteen" id="P16" Type="Other"/>
<Product spans="490~500" text="Mangosteen" id="P17" Type="Itself"/>
<Cancer_type spans="823~829" text="cancer" id="C2" Certainty="Hypothetical" Class="Human"/>
<Cancer_type spans="830~836" text="tumors" id="C3" Certainty="Hypothetical" Class="Human"/>
<Favorable_outcome spans="814~836" text="treating cancer tumors" id="F3" Class="Cancer_related" Certainty="Hypothetical"/>
</TAGS>
<META/>
</Amazon_Review>