<?xml version="1.0" encoding="UTF-8" ?>
<Amazon_Review>
<TEXT><![CDATA[Life Extension Liquid Vitamin D 2000 IU Mint Flavor

There is an epidemic of vitamin D deficiency in this country. The relentless drum beat to use sunscreen is part of the reason, but another part of the reason is because even people that are in the sun alot also bathe alot. Showering or bathing within a few hours of being in the sun will literally stop the formation of Vitamin D by your skin. I am not advocating that we all stop bathing alot, but because of it, few people even reach 40 ng/ml blood serum 25OH-D, and most are well below that level. The optimum is 50-80 ng/ml, and any cancer patient should be in that range, preferably at the higher end of it. This product can bring blood serum levels of vitamin D up rapidly. It may take 8000 to 10000 IU per day, 4-5 drops, to get the levels up to where they should be, with 4000 IU per day, 2 drops, for maintenance for most people. Periodic blood testing to monitor blood serum levels of 25OH-D should be done. This is a cost effective way to help prevent MS, cancer, a whole hose of ills that are associated with low blood serum levels of 25OH-D, that is easy to take on a daily basis. I raised my own blood levels to 74 ng/ml in a matter of only a few months using it. Highly recommend.
]]></TEXT>
<TAGS>
<Cancer_type spans="590~596" text="cancer" id="C0" Certainty="Hypothetical" Class="Human"/>
<Product spans="671~678" text="product" id="P1" Type="Itself"/>
<Cancer_type spans="1020~1026" text="cancer" id="C1" Certainty="Hypothetical" Class="Human"/>
<Indicated_symptom spans="1074~1106" text="low blood serum levels of 25OH-D" id="I0" Class="Other" Certainty="Positive"/>
<Product spans="1227~1229" text="it" id="P3" Type="Itself"/>
<Product spans="0~31" text="Life Extension Liquid Vitamin D" id="P4" Type="Itself"/>
<Favorable_outcome spans="679~731" text="can bring blood serum levels of vitamin D up rapidly" id="F1" Class="Other" Certainty="Positive"/>
<Product spans="775~780" text="drops" id="P5" Type="Itself"/>
<Product spans="852~857" text="drops" id="P6" Type="Itself"/>
<Favorable_outcome spans="981~1048" text="cost effective way to help prevent MS, cancer, a whole hose of ills" id="F2" Class="Cancer_related" Certainty="Positive"/>
<Favorable_outcome spans="1147~1187" text="I raised my own blood levels to 74 ng/ml" id="F3" Class="Cancer_related" Certainty="Positive"/>
</TAGS>
<META/>
</Amazon_Review>