<?xml version="1.0" encoding="UTF-8" ?>
<Amazon_Review>
<TEXT><![CDATA[Arm &amp; Hammer Essentials Natural Deodorant, Fresh, 2.5 oz.

This is not a natural product!! I ordered it because I am pregnant and do not want to expose my baby to chemicals. Unfortunately I did not read all the reviews until after the product shipped. This product contains Triclosan which is a KNOWN CARCINOGEN! It is NOT SAFE for pregnant women, nor anyone else for that matter. The worst part is, I would have to pay $6 to return it. Since I paid $13, $7 is not even worth the gas to drive to the post office and back. I am so mad. Bottom line, use this product if you want cancer. If not, you might try Toms of Maine. Admittedly, Toms of Maine does not work great, but at least it won't give you cancer.
]]></TEXT>
<TAGS>
<Product spans="63~67" text="This" id="P1" Type="Itself"/>
<Product spans="105~107" text="it" id="P2" Type="Itself"/>
<Product spans="239~246" text="product" id="P3" Type="Itself"/>
<Product spans="261~268" text="product" id="P4" Type="Itself"/>
<Product spans="437~439" text="it" id="P5" Type="Itself"/>
<Product spans="561~568" text="product" id="P6" Type="Itself"/>
<Cancer_type spans="581~587" text="cancer" id="C0" Certainty="Hypothetical" Class="Human"/>
<Product spans="638~651" text="Toms of Maine" id="P8" Type="Other"/>
<Product spans="686~688" text="it" id="P9" Type="Other"/>
<Cancer_type spans="704~710" text="cancer" id="C1" Certainty="Hypothetical" Class="Human"/>
<Product spans="317~319" text="it" id="P10" Type="Itself"/>
<Product spans="0~45" text="Arm &amp;amp; Hammer Essentials Natural Deodorant" id="P11" Type="Itself"/>
<Harmful_outcome spans="323~383" text="NOT SAFE for pregnant women, nor anyone else for that matter" id="H0" Class="Other" Certainty="Positive"/>
<Product spans="611~624" text="Toms of Maine" id="P12" Type="Other"/>
<Harmful_outcome spans="552~587" text="use this product if you want cancer" id="H1" Class="Cancer_related" Certainty="Hypothetical"/>
</TAGS>
<META/>
</Amazon_Review>