<?xml version="1.0" encoding="UTF-8" ?>
<Amazon_Review>
<TEXT><![CDATA[Astra-8 Defense Builder Health Concerns 270 Tabs

This supplement was recommended to me, by Dr. Weil's Clinic of Integrated Medicine at U of A in Tucson.  As a breast cancer survivor it has helped keep me strong and live a normal life while fighting cancer. I have recommended it to other family members and friends when they needed a immune system boost.
]]></TEXT>
<TAGS>
<Product spans="55~65" text="supplement" id="P1" Type="Itself"/>
<Cancer_type spans="160~173" text="breast cancer" id="C0" Certainty="Positive" Class="Human"/>
<Product spans="183~185" text="it" id="P2" Type="Itself"/>
<Cancer_type spans="250~256" text="cancer" id="C1" Certainty="Positive" Class="Human"/>
<Product spans="277~279" text="it" id="P3" Type="Itself"/>
<Indicated_symptom spans="326~354" text="needed a immune system boost" id="I0" Class="Cancer_related" Certainty="Positive"/>
<Product spans="0~39" text="Astra-8 Defense Builder Health Concerns" id="P4" Type="Itself"/>
<Favorable_outcome spans="186~211" text="has helped keep me strong" id="F0" Class="Cancer_related" Certainty="Positive"/>
<Favorable_outcome spans="216~234" text="live a normal life" id="F1" Class="Cancer_related" Certainty="Positive"/>
</TAGS>
<META/>
</Amazon_Review>