<?xml version="1.0" encoding="UTF-8" ?>
<Amazon_Review>
<TEXT><![CDATA[Royal Maca for Menopause

I am a breast cancer survivor and experiencing hot flashes due to tamoxifen usage.  A friend recommended this to me however on the World Botanticals site it warns anyone with hormone dependent cancers to first consult with their doctor.  Just wanted to pass the info along...if you are a survivor of HER2+ (estrogen positive) cancer, just FYI.  I have not used this product yet but am considering it after I speak with my oncologist.
]]></TEXT>
<TAGS>
<Cancer_type spans="33~46" text="breast cancer" id="C0" Certainty="Positive" Class="Human"/>
<Product spans="131~135" text="This" id="P1" Type="Itself"/>
<Cancer_type spans="326~358" text="HER2+ (estrogen positive) cancer" id="C2" Certainty="Hypothetical" Class="Human"/>
<Cancer_type spans="201~226" text="hormone dependent cancers" id="C3" Certainty="Hypothetical" Class="Human"/>
<Product spans="392~399" text="product" id="P2" Type="Itself"/>
<Product spans="0~10" text="Royal Maca" id="P3" Type="Itself"/>
<Indicated_symptom spans="60~107" text="experiencing hot flashes due to tamoxifen usage" id="I0" Class="Cancer_related" Certainty="Positive"/>
<Product spans="423~425" text="it" id="P4" Type="Itself"/>
</TAGS>
<META/>
</Amazon_Review>