<?xml version="1.0" encoding="UTF-8" ?>
<Amazon_Review>
<TEXT><![CDATA[Enfamil Expecta DHA Supplement for Pregnant and Nursing Moms, 30 Softgels

Thank you so very much!  This is for our dog who had lymphoma and her veterinary oncologist prescribed it for her immune system.
]]></TEXT>
<TAGS>
<Cancer_type spans="128~136" text="lymphoma" id="C0" Certainty="Positive" Class="Pet"/>
<Product spans="100~104" text="This" id="P1" Type="Itself"/>
<Product spans="178~180" text="it" id="P2" Type="Itself"/>
<Indicated_symptom spans="189~202" text="immune system" id="I0" Class="Cancer_related" Certainty="Positive"/>
<Product spans="0~30" text="Enfamil Expecta DHA Supplement" id="P3" Type="Itself"/>
</TAGS>
<META/>
</Amazon_Review>