<?xml version="1.0" encoding="UTF-8" ?>
<Amazon_Review>
<TEXT><![CDATA[Doc Johnson Classic 8-Inch Dong, Clear Jellie

This is honestly a great toy. I love the size and the patterns on it which give me a really great experience every time. But there's a huge downfall, because of the material it's made out of, it has an extremely strong rubbery factory smell. It is EXTREMELY STRONG. I have it stored in a drawer along with bras panties and socks. Absolutely EVERYTHING in the drawer now smells like the toy and it's horrible. Just the other day I was wearing a bra that's been sitting in the bottom of that drawer and I could smell it the WHOLE day! So if everything else smells so strong you can imagine that the smell on the toy itself is extremely overwhelming. I'm gonna need to find somewhere else to store this because I hate the smell with a passion. And about the material itself, I read that it (PVC it's called) has been linked to health defects like cancer and prenatal difficulties. So that's also another star off.
]]></TEXT>
<TAGS>
<Cancer_type spans="891~897" text="cancer" id="C0" Certainty="Hypothetical" Class="Human"/>
<Product spans="0~45" text="Doc Johnson Classic 8-Inch Dong, Clear Jellie" id="P0" Type="Itself"/>
<Product spans="47~51" text="this" id="P1" Type="Itself"/>
<Product spans="72~75" text="toy" id="P2" Type="Itself"/>
<Product spans="113~115" text="it" id="P3" Type="Itself"/>
<Favorable_outcome spans="122~155" text="give me a really great experience" id="F0" Class="Other" Certainty="Positive"/>
<Product spans="221~223" text="it" id="P4" Type="Itself"/>
<Product spans="239~241" text="it" id="P5" Type="Itself"/>
<Product spans="320~322" text="it" id="P7" Type="Itself"/>
<Product spans="433~436" text="toy" id="P8" Type="Itself"/>
<Product spans="657~660" text="toy" id="P11" Type="Itself"/>
<Product spans="742~746" text="this" id="P12" Type="Itself"/>
<Product spans="831~833" text="it" id="P13" Type="Itself"/>
</TAGS>
<META/>
</Amazon_Review>