<?xml version="1.0" encoding="UTF-8" ?>
<Amazon_Review>
<TEXT><![CDATA[Comfort Products Massage Plush Mat with Heat ,Beige

I received this yesterday, and tried it out, and it works perfectly for me. But, it scared me when I read, on the box, that it can possibly cause cancer (the CA warning that is on some certain Christmas lights, etc). I didn't see that warning anywhere on the description, when ordering this online, or else I never would have bought it. No reviewers mentioned it, either, which I thought was odd. Yet, it was in a very small spot on the box, which made it difficult to see. I have had 2 treated brain tumors, in the past few years, yet I have also been in 3 car accidents, which messed up my neck and back. It's a no win with the cancer warning label. My neck and back need this, but my brain can do without the potential effects. I really love how this relaxes my muscles, but I don't want it to bring back a brain tumor. I'm thinking of returning it, though I would love to stay in denial that it's 100% healthy for me. Durn it all.
]]></TEXT>
<TAGS>
<Product spans="64~68" text="This" id="P1" Type="Itself"/>
<Product spans="90~92" text="it" id="P2" Type="Itself"/>
<Product spans="102~104" text="it" id="P3" Type="Itself"/>
<Cancer_type spans="199~205" text="cancer" id="C0" Certainty="Hypothetical" Class="Human"/>
<Product spans="177~179" text="it" id="P4" Type="Itself"/>
<Cancer_type spans="683~689" text="cancer" id="C1" Certainty="Hypothetical" Class="Human"/>
<Product spans="339~343" text="This" id="P5" Type="Itself"/>
<Product spans="386~388" text="it" id="P6" Type="Itself"/>
<Cancer_type spans="548~560" text="brain tumors" id="C2" Certainty="Positive" Class="Human"/>
<Product spans="802~806" text="This" id="P7" Type="Itself"/>
<Product spans="844~846" text="it" id="P8" Type="Itself"/>
<Product spans="902~904" text="it" id="P9" Type="Itself"/>
<Product spans="0~34" text="Comfort Products Massage Plush Mat" id="P10" Type="Itself"/>
<Favorable_outcome spans="102~127" text="it works perfectly for me" id="F1" Class="Other" Certainty="Positive"/>
<Product spans="134~136" text="it" id="P11" Type="Itself"/>
<Product spans="727~731" text="this" id="P12" Type="Itself"/>
<Favorable_outcome spans="807~825" text="relaxes my muscles" id="F2" Class="Other" Certainty="Positive"/>
<Cancer_type spans="863~874" text="brain tumor" id="C3" Certainty="Hypothetical" Class="Human"/>
<Harmful_outcome spans="850~874" text="bring back a brain tumor" id="H2" Class="Cancer_related" Certainty="Positive"/>
<Harmful_outcome spans="906~973" text="though I would love to stay in denial that it's 100% healthy for me" id="H3" Class="Cancer_related" Certainty="Positive"/>
<Harmful_outcome spans="180~205" text="can possibly cause cancer" id="H4" Class="Cancer_related" Certainty="Positive"/>
</TAGS>
<META/>
</Amazon_Review>