<?xml version="1.0" encoding="UTF-8" ?>
<Amazon_Review>
<TEXT><![CDATA[Sunbeam #SBUV001 UV Personal Toothbrush Sanitizer

I've had salivary gland cancer & due to the radiation & lack of saliva,I need to brush my teeth more than most people.I use this sanitizer all day & every day.  I have two of them.  One,I carry in my purse so I can brush my teeth after lunch at work also.  No need to carry around a wet toothbrush that is undoubtedly breeding germs. The other one,I use to store my toothbrush at home.A nice,clean,germ-free toothbrush is a great feeling.You can always be sure it's working becasuse you can see the light go on when you close the lid & when it goes off, you know the brush is sanitized.Good price on this product.  My other one was more expensive, but the same thing.It's a little heavy to carry in my purse, but worth it.
]]></TEXT>
<TAGS>
<Cancer_type spans="60~81" text="salivary gland cancer" id="C0" Certainty="Positive" Class="Human"/>
<Product spans="180~189" text="sanitizer" id="P1" Type="Itself"/>
<Product spans="512~514" text="it" id="P2" Type="Itself"/>
<Product spans="656~663" text="product" id="P3" Type="Itself"/>
<Product spans="29~49" text="Toothbrush Sanitizer" id="P4" Type="Itself"/>
<Product spans="226~230" text="them" id="P5" Type="Itself"/>
<Product spans="233~236" text="One" id="P6" Type="Itself"/>
<Product spans="395~398" text="one" id="P7" Type="Itself"/>
<Favorable_outcome spans="618~636" text="brush is sanitized" id="F0" Class="Other" Certainty="Positive"/>
<Product spans="675~678" text="one" id="P8" Type="Other"/>
<Product spans="718~720" text="It" id="P9" Type="Itself"/>
<Favorable_outcome spans="764~772" text="worth it" id="F1" Class="Other" Certainty="Positive"/>
</TAGS>
<META/>
</Amazon_Review>