<?xml version="1.0" encoding="UTF-8" ?>
<Amazon_Review>
<TEXT><![CDATA[s Sunshine Paw Paw Cell-Reg 180 caps Each (Pack of 4)", 

I have cancer. This is supposed to fight it.  If it goes away or gets better, I will report. Otherwise I wont be here to say.
]]></TEXT>
<TAGS>
<Cancer_type spans="65~71" text="cancer" id="C0" Certainty="Positive" Class="Human"/>
<Product spans="73~77" text="This" id="P1" Type="Itself"/>
<Product spans="2~27" text="Sunshine Paw Paw Cell-Reg" id="P2" Type="Itself"/>
<Favorable_outcome spans="93~101" text="fight it" id="F0" Class="Cancer_related" Certainty="Hypothetical"/>
<Favorable_outcome spans="110~119" text="goes away" id="F1" Class="Cancer_related" Certainty="Hypothetical"/>
<Favorable_outcome spans="123~134" text="gets better" id="F2" Class="Cancer_related" Certainty="Hypothetical"/>
</TAGS>
<META/>
</Amazon_Review>