<?xml version="1.0" encoding="UTF-8" ?>
<Amazon_Review>
<TEXT><![CDATA[Egg Crate Convoluted 3 Inch Foam Mattress Pad / Topper Twin Size

I purchased this to put on top of a hospital bed mattress for my brother who has cancer in his bones so he would have extra cushioning for his bed.  It arrived I could barely keep it straight or flat long enough to stretch onto the bed.  It DOES NOT reach the end of the twin mattress and is NO WAY 3 \
]]></TEXT>
<TAGS>
<Product spans="78~82" text="This" id="P1" Type="Itself"/>
<Product spans="215~217" text="it" id="P2" Type="Itself"/>
<Product spans="246~248" text="it" id="P3" Type="Itself"/>
<Product spans="304~306" text="it" id="P4" Type="Itself"/>
<Product spans="28~45" text="Foam Mattress Pad" id="P5" Type="Itself"/>
<Cancer_type spans="147~166" text="cancer in his bones" id="C0" Certainty="Positive" Class="Human"/>
</TAGS>
<META/>
</Amazon_Review>