<?xml version="1.0" encoding="UTF-8" ?>
<Amazon_Review>
<TEXT><![CDATA[Ensure Plus Nutrition Shake, Strawberry, 8-Ounce Bottle (Pack of 24)

Ensure Plus has been my primary source of nutrition for five years now following mouth cancer surgery.  I still have a PEG tube, but fortunately am able to drink my nutrition.  I have tried every liquid supplement on the market.  I still do not tire of my favorite, vanilla.  Their chocolate is also the best chocolate on the market.  The creaminess and the depth of flavoring cannot be beat.  Try freezing in ice cube trays, then blending with a couple of real ice cubes in a blender for a terrific \
]]></TEXT>
<TAGS>
<Product spans="70~81" text="Ensure Plus" id="P1" Type="Itself"/>
<Cancer_type spans="151~163" text="mouth cancer" id="C0" Certainty="Positive" Class="Human"/>
<Product spans="0~27" text="Ensure Plus Nutrition Shake" id="P3" Type="Itself"/>
<Favorable_outcome spans="70~136" text="Ensure Plus has been my primary source of nutrition for five years" id="F0" Class="Cancer_related" Certainty="Positive"/>
<Product spans="266~283" text="liquid supplement" id="P4" Type="Other"/>
<Favorable_outcome spans="409~461" text="creaminess and the depth of flavoring cannot be beat" id="F1" Class="Other" Certainty="Positive"/>
</TAGS>
<META/>
</Amazon_Review>