<?xml version="1.0" encoding="UTF-8" ?>
<Amazon_Review>
<TEXT><![CDATA[Amygdalin B17 Tablets 100 Mg

Who says alternative medicine does not work? Thats an understatement. This product seems to work well with me at keeping my former cancer in remission..I can't complain..
]]></TEXT>
<TAGS>
<Product spans="105~112" text="product" id="P1" Type="Itself"/>
<Cancer_type spans="161~167" text="cancer" id="C0" Certainty="Positive" Class="Human"/>
<Favorable_outcome spans="143~180" text="keeping my former cancer in remission" id="F0" Class="Cancer_related" Certainty="Positive"/>
<Product spans="0~21" text="Amygdalin B17 Tablets" id="P2" Type="Itself"/>
<Favorable_outcome spans="122~139" text="work well with me" id="F1" Class="Other" Certainty="Positive"/>
</TAGS>
<META/>
</Amazon_Review>