<?xml version="1.0" encoding="UTF-8" ?>
<Amazon_Review>
<TEXT><![CDATA[OptixCare Eye Lube - 25 gm (Formerly Optixcare Surgical Eye Lubricant - same formula)

THIS WORKED WONDERS FOR MY YORKIE WILLOW.  SHE HAD CANCER THAT AFFECTED HER EYE. OPTIXCARE LUBRICATED HER EYE AND MADE HER LAST FEW WEEKS MORE COMFORTABLE.  THANK YOU!
]]></TEXT>
<TAGS>
<Product spans="87~91" text="This" id="P1" Type="Itself"/>
<Cancer_type spans="138~144" text="cancer" id="C0" Certainty="Positive" Class="Pet"/>
<Favorable_outcome spans="92~106" text="WORKED WONDERS" id="F0" Class="Cancer_related" Certainty="Positive"/>
<Product spans="0~18" text="OptixCare Eye Lube" id="P2" Type="Itself"/>
<Product spans="37~69" text="Optixcare Surgical Eye Lubricant" id="P3" Type="Itself"/>
<Indicated_symptom spans="150~166" text="AFFECTED HER EYE" id="I0" Class="Cancer_related" Certainty="Positive"/>
<Product spans="168~177" text="OPTIXCARE" id="P4" Type="Itself"/>
<Favorable_outcome spans="178~196" text="LUBRICATED HER EYE" id="F1" Class="Cancer_related" Certainty="Positive"/>
<Favorable_outcome spans="201~241" text="MADE HER LAST FEW WEEKS MORE COMFORTABLE" id="F2" Class="Cancer_related" Certainty="Positive"/>
</TAGS>
<META/>
</Amazon_Review>