<?xml version="1.0" encoding="UTF-8" ?>
<Amazon_Review>
<TEXT><![CDATA[Umi No Shizuku Fucoidan

My Wife contracted Merkel Cell Carcinoma.  Merkel cell carcinoma is a rare and highly aggressive skin cancer, which, in most cases, is caused by a virus (Merkel cell polyomavirus) discovered by scientists at the University of Pittsburgh in 2008.[1] It is also known as cutaneous APUDoma, primary neuroendocrine carcinoma of the skin, primary small cell carcinoma of the skin, and trabecular carcinoma of the skin.The staff at UNS. are really well trained and helpful in recommending the type and dose rate.Can also connect your Doctor with Dr. Tachikawa, arguably the worlds foremost expert on cancer and immune dis-eases This is serious science, all peer reviewed.Well my wife worked 16 hour days during taking this Fucoidan. She noticed changes within 2 days and major changes in 2 weeks. Surfice to say, she no longer has cancer in less than a year.This FUCOIDAN HAS NOW SAVED MY WIFE( ALL SHE TOOK WAS FUCOIDAN ,NO CHEMO, MEDICATION NOTHING. Very wise! Now, these wonderful people have saved 2 of our friends as well. Can not recommend them enough . Rick Brewer
]]></TEXT>
<TAGS>
<Product spans="0~23" text="Umi No Shizuku Fucoidan" id="P0" Type="Itself"/>
<Cancer_type spans="44~65" text="Merkel Cell Carcinoma" id="C0" Certainty="Positive" Class="Human"/>
<Cancer_type spans="68~89" text="Merkel Cell Carcinoma" id="C1" Certainty="Positive" Class="Human"/>
<Cancer_type spans="122~133" text="skin cancer" id="C2" Certainty="Positive" Class="Human"/>
<Product spans="742~750" text="Fucoidan" id="P1" Type="Itself"/>
<Cancer_type spans="850~856" text="cancer" id="C8" Certainty="Positive" Class="Human"/>
<Product spans="882~890" text="Fucoidan" id="P2" Type="Itself"/>
<Product spans="931~939" text="Fucoidan" id="P3" Type="Itself"/>
<Favorable_outcome spans="756~814" text="noticed changes within 2 days and major changes in 2 weeks" id="F2" Class="Cancer_related" Certainty="Positive"/>
<Favorable_outcome spans="832~876" text="she no longer has cancer in less than a year" id="F3" Class="Cancer_related" Certainty="Positive"/>
<Favorable_outcome spans="899~912" text="SAVED MY WIFE" id="F4" Class="Cancer_related" Certainty="Positive"/>
<Favorable_outcome spans="987~1045" text="these wonderful people have saved 2 of our friends as well" id="F5" Class="Cancer_related" Certainty="Positive"/>
<Product spans="1065~1069" text="them" id="P4" Type="Itself"/>
<Favorable_outcome spans="1047~1076" text="Can not recommend them enough" id="F6" Class="Other" Certainty="Positive"/>
<Cancer_type spans="619~625" text="cancer" id="C9" Certainty="Negative" Class="Human"/>
</TAGS>
<META/>
</Amazon_Review>