<?xml version="1.0" encoding="UTF-8" ?>
<Amazon_Review>
<TEXT><![CDATA[Flor-Essence Liquid Tea by Flora 17 Fluid Ounces

I usually make the tea myself which is quite a bit cheaper, but I wanted a new bottle for the tea I am brewing I started using it in 1990, after my friend's Brother in Law was cured from his Colon Cancer once he started to use the tea. Coincidence? Maybe...
]]></TEXT>
<TAGS>
<Cancer_type spans="241~253" text="Colon Cancer" id="C0" Certainty="Positive" Class="Human"/>
<Product spans="0~23" text="Flor-Essence Liquid Tea" id="P0" Type="Itself"/>
<Product spans="69~72" text="tea" id="P1" Type="Itself"/>
<Product spans="144~147" text="tea" id="P2" Type="Itself"/>
<Product spans="281~284" text="tea" id="P3" Type="Itself"/>
<Favorable_outcome spans="226~253" text="cured from his Colon Cancer" id="F0" Class="Cancer_related" Certainty="Positive"/>
<Product spans="177~179" text="it" id="P4" Type="Itself"/>
</TAGS>
<META/>
</Amazon_Review>