<?xml version="1.0" encoding="UTF-8" ?>
<Amazon_Review>
<TEXT><![CDATA[Aneros Helix Prostate Stimulator

Recieved your product day before yesterday and tried it that afternoon and again this morning and it certainly does what you claimed I am a surviver of prostate cancer which was treated with radiation 13 yrs. ago but my Psa has been going up as late and I believe that milking the prostateis one great way of doing this and the enjoyment that comes with this is tremendous really love it
]]></TEXT>
<TAGS>
<Product spans="0~32" text="Aneros Helix Prostate Stimulator" id="P0" Type="Itself"/>
<Product spans="48~55" text="product" id="P1" Type="Itself"/>
<Product spans="87~89" text="it" id="P2" Type="Itself"/>
<Product spans="132~134" text="it" id="P3" Type="Itself"/>
<Cancer_type spans="186~201" text="prostate cancer" id="C0" Certainty="Positive" Class="Human"/>
<Indicated_symptom spans="251~283" text="my Psa has been going up as late" id="I0" Class="Cancer_related" Certainty="Positive"/>
<Favorable_outcome spans="303~325" text="milking the prostateis" id="F0" Class="Cancer_related" Certainty="Positive"/>
<Product spans="388~392" text="This" id="P4" Type="Itself"/>
<Product spans="419~421" text="it" id="P5" Type="Itself"/>
<Favorable_outcome spans="362~406" text="enjoyment that comes with this is tremendous" id="F1" Class="Other" Certainty="Positive"/>
<Favorable_outcome spans="407~421" text="really love it" id="F2" Class="Other" Certainty="Positive"/>
</TAGS>
<META/>
</Amazon_Review>