<?xml version="1.0" encoding="UTF-8" ?>
<Amazon_Review>
<TEXT><![CDATA[CytoSport Muscle Milk, Cake Batter, 2.47  Pound

I was hoping this would keep me fuller longer than it did, but then I usually have this issue with liquid protein.  The taste is great and if you're looking to add mass, this product will probably work great for you.  All it did was help me gain weight, which was not my goal.  As a nurse who cares for cancer patients, I could see where this product would be a good, less expensive alternative to things like Boost and Ensure.  The flavor variety Muscle Milk provides is great, as is the nutritional value.  Plus powders are easier to constitute to the thickness one prefers.
]]></TEXT>
<TAGS>
<Cancer_type spans="352~358" text="cancer" id="C0" Certainty="Hypothetical" Class="Human"/>
<Product spans="392~399" text="product" id="P1" Type="Itself"/>
<Product spans="62~66" text="This" id="P2" Type="Itself"/>
<Product spans="100~102" text="it" id="P3" Type="Itself"/>
<Product spans="271~273" text="it" id="P4" Type="Itself"/>
<Product spans="0~21" text="CytoSport Muscle Milk" id="P5" Type="Itself"/>
<Favorable_outcome spans="55~106" text="hoping this would keep me fuller longer than it did" id="F0" Class="Other" Certainty="Negative"/>
<Favorable_outcome spans="169~183" text="taste is great" id="F1" Class="Other" Certainty="Positive"/>
<Indicated_symptom spans="198~217" text="looking to add mass" id="I0" Class="Other" Certainty="Positive"/>
<Product spans="224~231" text="product" id="P6" Type="Itself"/>
<Favorable_outcome spans="282~301" text="help me gain weight" id="F2" Class="Other" Certainty="Negative"/>
<Favorable_outcome spans="417~475" text="less expensive alternative to things like Boost and Ensure" id="F3" Class="Other" Certainty="Positive"/>
<Product spans="497~508" text="Muscle Milk" id="P7" Type="Itself"/>
<Favorable_outcome spans="482~526" text="flavor variety Muscle Milk provides is great" id="F4" Class="Other" Certainty="Positive"/>
<Favorable_outcome spans="528~555" text="as is the nutritional value" id="F5" Class="Other" Certainty="Positive"/>
<Favorable_outcome spans="558~624" text="Plus powders are easier to constitute to the thickness one prefers" id="F6" Class="Other" Certainty="Positive"/>
</TAGS>
<META/>
</Amazon_Review>