<?xml version="1.0" encoding="UTF-8" ?>
<Amazon_Review>
<TEXT><![CDATA[s Claw, 90 Capsules", 

I received this product in only 4 days.I have been using this product for years but Amazon is the best place to get it because the price is much cheaper. Saventaro builds the immune system and is able to slow down progressive diseases such as rheumatoid arthritis and cancer.
]]></TEXT>
<TAGS>
<Product spans="40~47" text="product" id="P1" Type="Itself"/>
<Product spans="86~93" text="product" id="P2" Type="Itself"/>
<Product spans="140~142" text="it" id="P3" Type="Itself"/>
<Cancer_type spans="292~298" text="cancer" id="C0" Certainty="Hypothetical" Class="Human"/>
<Product spans="2~6" text="Claw" id="P4" Type="Itself"/>
<Favorable_outcome spans="155~176" text="price is much cheaper" id="F0" Class="Other" Certainty="Positive"/>
<Product spans="178~187" text="Saventaro" id="P5" Type="Itself"/>
<Favorable_outcome spans="188~212" text="builds the immune system" id="F1" Class="Other" Certainty="Positive"/>
<Favorable_outcome spans="217~298" text="is able to slow down progressive diseases such as rheumatoid arthritis and cancer" id="F2" Class="Other" Certainty="Hypothetical"/>
</TAGS>
<META/>
</Amazon_Review>