<?xml version="1.0" encoding="UTF-8" ?>
<Amazon_Review>
<TEXT><![CDATA[DMSO - 90% DMSO/10% Distilled Water 8 oz

I bought this product for my mother who was having pain due to lung cancer. She used it every day and told me it helped.
]]></TEXT>
<TAGS>
<Product spans="56~63" text="product" id="P1" Type="Itself"/>
<Cancer_type spans="105~116" text="lung cancer" id="C0" Certainty="Positive" Class="Human"/>
<Product spans="127~129" text="it" id="P2" Type="Itself"/>
<Product spans="152~154" text="it" id="P3" Type="Itself"/>
<Product spans="0~4" text="DMSO" id="P4" Type="Itself"/>
<Product spans="11~15" text="DMSO" id="P5" Type="Itself"/>
<Favorable_outcome spans="155~161" text="helped" id="F0" Class="Cancer_related" Certainty="Positive"/>
<Indicated_symptom spans="93~97" text="pain" id="I0" Class="Cancer_related" Certainty="Positive"/>
</TAGS>
<META/>
</Amazon_Review>