<?xml version="1.0" encoding="UTF-8" ?>
<Amazon_Review>
<TEXT><![CDATA[NOW Foods Liquid Vitamin D-3 5000Iu/Dropper, 2 ounce

I purchased this product after I was given a sample of it from my son's pediatrician.  I'm vitamin D deficient myself and expected that my son would be too.  My pediatrician recommended that I give him a supplement as no formula contains the full amount of daily vitamin D.  I put 4 drops into his nighttime bottle & he takes it with no trouble.  I guess you could give it by itself orally but for me, it's just easier to put it in his bottle.I really think that vitamin D is a wonder drug!  I was exhausted and felt awful for months before I finally went to the doctor.  I half expected him to tell me I had cancer or something like that because I felt so awful.  He tested my vitamin D and it was very low.  After 12 weeks of super-doses of vitamin D and now taking a 2000 iu daily, I feel like a new woman!  Hopefully, I can avoid my son having issues by supplementing with this product.
]]></TEXT>
<TAGS>
<Cancer_type spans="663~669" text="cancer" id="C0" Certainty="Negative" Class="Human"/>
<Product spans="71~78" text="product" id="P1" Type="Itself"/>
<Product spans="109~111" text="it" id="P2" Type="Itself"/>
<Indicated_symptom spans="145~164" text="vitamin D deficient" id="I0" Class="Other" Certainty="Positive"/>
<Product spans="380~382" text="it" id="P4" Type="Itself"/>
<Product spans="424~426" text="it" id="P5" Type="Itself"/>
<Product spans="480~482" text="it" id="P6" Type="Itself"/>
<Favorable_outcome spans="839~862" text="I feel like a new woman" id="F0" Class="Other" Certainty="Positive"/>
<Product spans="936~943" text="product" id="P7" Type="Itself"/>
<Product spans="0~28" text="NOW Foods Liquid Vitamin D-3" id="P8" Type="Itself"/>
<Product spans="258~268" text="supplement" id="P9" Type="Itself"/>
<Product spans="337~342" text="drops" id="P10" Type="Itself"/>
<Favorable_outcome spans="497~543" text="I really think that vitamin D is a wonder drug" id="F1" Class="Other" Certainty="Positive"/>
<Indicated_symptom spans="552~561" text="exhausted" id="I1" Class="Other" Certainty="Positive"/>
<Indicated_symptom spans="566~576" text="felt awful" id="I2" Class="Other" Certainty="Positive"/>
<Indicated_symptom spans="703~716" text="felt so awful" id="I3" Class="Other" Certainty="Positive"/>
<Product spans="797~806" text="vitamin D" id="P11" Type="Itself"/>
<Product spans="732~741" text="vitamin D" id="P12" Type="Itself"/>
<Indicated_symptom spans="732~761" text="vitamin D and it was very low" id="I4" Class="Other" Certainty="Positive"/>
</TAGS>
<META/>
</Amazon_Review>