<?xml version="1.0" encoding="UTF-8" ?>
<Amazon_Review>
<TEXT><![CDATA[Pig Nose

Fun Product....Had skin cancer on my nose and had surgery......decided to buy the Pig Nose and wear it too work right after surgery.  Fellow workers were lined up at the windows wondering what had happened to my nose.......great for laughts
]]></TEXT>
<TAGS>
<Product spans="0~8" text="Pig Nose" id="P0" Type="Itself"/>
<Product spans="14~21" text="product" id="P1" Type="Itself"/>
<Cancer_type spans="29~40" text="skin cancer" id="C0" Certainty="Positive" Class="Human"/>
<Product spans="92~100" text="Pig Nose" id="P2" Type="Itself"/>
<Product spans="110~112" text="it" id="P3" Type="Itself"/>
</TAGS>
<META/>
</Amazon_Review>