<?xml version="1.0" encoding="UTF-8" ?>
<Amazon_Review>
<TEXT><![CDATA[Now Foods Curcumin Turmeric Root Extractract 95%, Veg-capsules, 120-Count

I have used this product and take it every day for maintenance purposes, but didn't personally feel any different with it.  However, I order this for my dad and have ordered it for my mom.  My dad has felt a big difference in his life, from considering quitting squash because of his &#34;sciatica&#34; as he puts it, to playing 3 times a week without pain.  My mom also found it helped her pain considerably.My dad was the one who wanted to really try this due to a radio show he heard talking about the benefits of curcumin and turmeric. They mentioned many benefits, including for cancer, etc.  Now, my dads mother in law was on her deathbed with cancer, in palliative care, and on many days did not recognize her own daughter.  With being told she had but days to live, my dads wife would visit her every day, and would put two capsules of curcumin in her mother's chocolate pudding every day without the doctors or her own mother even knowing about it.  She had a huge bounce back from being close to death to where the doctors were considering taking her out of palliative care.  According to my dad, the doctors were calling it a &#34;miracle&#34;.  She continued to live for 3 more months in relative good health until my dad and his wife went away on vacation.  She left the curcumin with her sister, who never ended up giving it to her.  A week later when they got back from vacation, she fell back into a state where she wasn't eating, and it was too late.  She died a few days later.A doctor will look at this and say its not scientific. It seems in this world its not &#34;science&#34; unless you spend 10 years and $100 million to prove that something &#34;works&#34;. You can call this anecdotal as much as you want.  There are snakeoil salesmen out there, and not everything will work as well for everyone, but experience is the greatest teacher and to me, these few experiences are all the proof I need. I will continue to take this every day regardless of my personal experience because of the reviews I read here and my parents experiences.Also, I don't think there is a better company for the combination of quality and price than NOW products.  My dad looked at other companies that were charging 3x more than this for less potency.
]]></TEXT>
<TAGS>
<Product spans="92~99" text="product" id="P1" Type="Itself"/>
<Product spans="109~111" text="it" id="P2" Type="Itself"/>
<Product spans="194~196" text="it" id="P3" Type="Itself"/>
<Product spans="216~220" text="This" id="P4" Type="Itself"/>
<Product spans="249~251" text="it" id="P5" Type="Itself"/>
<Favorable_outcome spans="283~309" text="big difference in his life" id="F0" Class="Other" Certainty="Positive"/>
<Product spans="452~454" text="it" id="P6" Type="Itself"/>
<Favorable_outcome spans="455~483" text="helped her pain considerably" id="F1" Class="Other" Certainty="Positive"/>
<Product spans="528~532" text="This" id="P7" Type="Itself"/>
<Cancer_type spans="659~665" text="cancer" id="C0" Certainty="Hypothetical" Class="Human"/>
<Cancer_type spans="725~731" text="cancer" id="C1" Certainty="Positive" Class="Human"/>
<Product spans="2020~2024" text="This" id="P8" Type="Itself"/>
<Product spans="2306~2310" text="This" id="P9" Type="Itself"/>
<Favorable_outcome spans="1044~1060" text="huge bounce back" id="F2" Class="Cancer_related" Certainty="Positive"/>
<Product spans="1359~1367" text="curcumin" id="P11" Type="Itself"/>
<Product spans="0~62" text="Now Foods Curcumin Turmeric Root Extractract 95%, Veg-capsules" id="P12" Type="Itself"/>
<Favorable_outcome spans="152~196" text="didn't personally feel any different with it" id="F3" Class="Other" Certainty="Negative"/>
<Product spans="389~391" text="it" id="P13" Type="Itself"/>
<Favorable_outcome spans="393~431" text="to playing 3 times a week without pain" id="F4" Class="Other" Certainty="Positive"/>
<Product spans="592~613" text="curcumin and turmeric" id="P14" Type="Itself"/>
<Product spans="907~927" text="capsules of curcumin" id="P15" Type="Itself"/>
<Favorable_outcome spans="1236~1295" text="continued to live for 3 more months in relative good health" id="F5" Class="Cancer_related" Certainty="Positive"/>
<Product spans="1411~1413" text="it" id="P16" Type="Itself"/>
<Product spans="1592~1596" text="this" id="P17" Type="Itself"/>
<Product spans="2226~2238" text="NOW products" id="P18" Type="Itself"/>
</TAGS>
<META/>
</Amazon_Review>