<?xml version="1.0" encoding="UTF-8" ?>
<Amazon_Review>
<TEXT><![CDATA[Graviola (120 Capsules Bottle By Fresh Health Nutritions) (1300 mg)

it helps with the digestive system and I gave a bottle of this stuff to my sister in law who just underwent breast cancer surgery
]]></TEXT>
<TAGS>
<Product spans="69~71" text="it" id="P1" Type="Itself"/>
<Cancer_type spans="177~190" text="breast cancer" id="C0" Certainty="Positive" Class="Human"/>
<Product spans="0~8" text="Graviola" id="P3" Type="Itself"/>
<Favorable_outcome spans="72~103" text="helps with the digestive system" id="F0" Class="Other" Certainty="Positive"/>
<Product spans="117~137" text="bottle of this stuff" id="P4" Type="Itself"/>
</TAGS>
<META/>
</Amazon_Review>