<?xml version="1.0" encoding="UTF-8" ?>
<Amazon_Review>
<TEXT><![CDATA[NOW Foods Ojibwa Herbal Extract 450mg, 90 Capsules

Our dog is fighting lymphoma and trying to get a dog to drink 3 cups of tea a day is impossible.  These were the least expensive pill form of essiac I could find.  He takes them easily in cheese so no fuss.  We ran out for about a day and a half and his neck blew up within that time frame.  When we got them in the mail I doubled the dose and will continue to make sure we dont run out again.  Definitely works.  Lymphoma will no doubt take him but we are doing what we can to keep him happy and pain free as long as possible.  As expensive as all the other pills he takes are, the price and quality of these has been a blessing.
]]></TEXT>
<TAGS>
<Cancer_type spans="72~80" text="lymphoma" id="C0" Certainty="Positive" Class="Pet"/>
<Product spans="194~200" text="essiac" id="P1" Type="Itself"/>
<Favorable_outcome spans="447~463" text="Definitely works" id="F0" Class="Cancer_related" Certainty="Positive"/>
<Indicated_symptom spans="306~318" text="neck blew up" id="I0" Class="Cancer_related" Certainty="Positive"/>
<Cancer_type spans="466~474" text="Lymphoma" id="C1" Certainty="Positive" Class="Pet"/>
<Product spans="0~31" text="NOW Foods Ojibwa Herbal Extract" id="P2" Type="Itself"/>
<Favorable_outcome spans="219~236" text="takes them easily" id="F1" Class="Other" Certainty="Positive"/>
<Product spans="356~360" text="them" id="P3" Type="Itself"/>
<Favorable_outcome spans="631~681" text="the price and quality of these has been a blessing" id="F2" Class="Other" Certainty="Positive"/>
<Indicated_symptom spans="549~553" text="pain" id="I1" Class="Cancer_related" Certainty="Negative"/>
</TAGS>
<META/>
</Amazon_Review>