<?xml version="1.0" encoding="UTF-8" ?>
<Amazon_Review>
<TEXT><![CDATA[Advanced Orthomolecular Research AOR, Advanced Series, Peak K2, 90 Veggie Caps

Due to breast cancer treatments I was put on Peak K2 by my doctor. I take it with slow release calcium and magnesium. Since being on this combination I no longer have the leg cramps. I can tell if I miss a dose of the K2. Leg cramps return. Great product!!!! I'd be in pain without it!!!! Thank you!!!
]]></TEXT>
<TAGS>
<Cancer_type spans="87~100" text="breast cancer" id="C0" Certainty="Positive" Class="Human"/>
<Product spans="125~132" text="Peak K2" id="P1" Type="Itself"/>
<Product spans="154~156" text="it" id="P2" Type="Itself"/>
<Product spans="327~334" text="product" id="P3" Type="Itself"/>
<Product spans="362~364" text="it" id="P4" Type="Itself"/>
<Product spans="0~36" text="Advanced Orthomolecular Research AOR" id="P5" Type="Itself"/>
<Product spans="55~62" text="Peak K2" id="P6" Type="Itself"/>
<Product spans="67~78" text="Veggie Caps" id="P7" Type="Itself"/>
<Indicated_symptom spans="302~312" text="Leg cramps" id="I0" Class="Cancer_related" Certainty="Positive"/>
<Indicated_symptom spans="251~261" text="leg cramps" id="I1" Class="Cancer_related" Certainty="Positive"/>
<Favorable_outcome spans="230~261" text="I no longer have the leg cramps" id="F2" Class="Cancer_related" Certainty="Positive"/>
<Product spans="298~300" text="K2" id="P8" Type="Itself"/>
<Favorable_outcome spans="277~319" text="I miss a dose of the K2.&#10; Leg cramps return" id="F3" Class="Cancer_related" Certainty="Positive"/>
<Favorable_outcome spans="321~334" text="Great product" id="F4" Class="Other" Certainty="Positive"/>
<Indicated_symptom spans="349~353" text="pain" id="I2" Class="Cancer_related" Certainty="Positive"/>
<Favorable_outcome spans="339~364" text="I'd be in pain without it" id="F5" Class="Cancer_related" Certainty="Positive"/>
</TAGS>
<META/>
</Amazon_Review>