<?xml version="1.0" encoding="UTF-8" ?>
<Amazon_Review>
<TEXT><![CDATA[Tide Free And Gentle Liquid Laundry Detergent 48 Loads 75 Fl Oz (Pack of 4)

Please check out this link:[...]Tide Free and Clear was found to contain Dioxane, a cancer causing ingredient not listed in its ingredients. Stay free and clear of this detergent!
]]></TEXT>
<TAGS>
<Cancer_type spans="161~167" text="cancer" id="C0" Certainty="Hypothetical" Class="Human"/>
<Product spans="0~45" text="Tide Free And Gentle Liquid Laundry Detergent" id="P0" Type="Itself"/>
<Product spans="109~128" text="Tide Free and Clear" id="P1" Type="Itself"/>
<Harmful_outcome spans="161~186" text="cancer causing ingredient" id="H0" Class="Cancer_related" Certainty="Hypothetical"/>
<Product spans="246~255" text="detergent" id="P2" Type="Itself"/>
</TAGS>
<META/>
</Amazon_Review>