<?xml version="1.0" encoding="UTF-8" ?>
<Amazon_Review>
<TEXT><![CDATA[Integrative Therapeutics Cellular Forte Max3, 120-Count

My 13 year-old tabby cat has a tumor in his stomach.  We are giving him Cellular Forte and a mushroom complex from the local health food store.  He was diagnosed in November, 2012.  We just had another ultrasound to check on the cancer.  The tumor has not grown!  Also, kitty has gained weight back!  We are very pleased and would recommend Cell Forte as something you can do at home.  We are not doing any kind of chemotherapy, so it's just supplements that we are using.
]]></TEXT>
<TAGS>
<Product spans="129~143" text="Cellular Forte" id="P1" Type="Itself"/>
<Cancer_type spans="286~292" text="cancer" id="C1" Certainty="Positive" Class="Pet"/>
<Cancer_type spans="299~304" text="tumor" id="C2" Certainty="Positive" Class="Pet"/>
<Favorable_outcome spans="337~355" text="gained weight back" id="F0" Class="Cancer_related" Certainty="Positive"/>
<Favorable_outcome spans="299~318" text="tumor has not grown" id="F1" Class="Cancer_related" Certainty="Positive"/>
<Product spans="398~408" text="Cell Forte" id="P3" Type="Itself"/>
<Product spans="0~44" text="Integrative Therapeutics Cellular Forte Max3" id="P4" Type="Itself"/>
<Product spans="499~510" text="supplements" id="P5" Type="Itself"/>
<Cancer_type spans="88~108" text="tumor in his stomach" id="C3" Certainty="Positive" Class="Pet"/>
</TAGS>
<META/>
</Amazon_Review>