<?xml version="1.0" encoding="UTF-8" ?>
<Amazon_Review>
<TEXT><![CDATA[Essiac Traditional Herbal Medicine, 60 herbal capsules

My husband is taking this for prostrate cancer on recommendation of a friend.  Will find out in January if it is helping.
]]></TEXT>
<TAGS>
<Product spans="77~81" text="This" id="P1" Type="Itself"/>
<Cancer_type spans="86~102" text="prostrate cancer" id="C0" Certainty="Positive" Class="Human"/>
<Product spans="163~165" text="it" id="P2" Type="Itself"/>
<Product spans="0~34" text="Essiac Traditional Herbal Medicine" id="P3" Type="Itself"/>
<Product spans="39~54" text="herbal capsules" id="P4" Type="Itself"/>
<Favorable_outcome spans="160~176" text="if it is helping" id="F0" Class="Cancer_related" Certainty="Hypothetical"/>
</TAGS>
<META/>
</Amazon_Review>