<?xml version="1.0" encoding="UTF-8" ?>
<Amazon_Review>
<TEXT><![CDATA[Global Health Trax Fivelac, .053 Ounce Packets 60-Count

I went to several doctors and had numerous tests for aching lymph nodes and severe fatigue over a one and a half year period.  I was told I potentially had MS, a brain tumor, or lymphoma based upon the results of my CT scans and blood tests and ended up having a spinal tap and suffering a spinal leak (very painful).  I was ultimately told it was most likely a virus affecting my immune system, which may or may not eventually go away.  After getting no relief or answers, my wife happened upon this product searching the internet for a solution.  After suffering for so long, I was willing to try anything, yet remained very skeptical.  This product worked almost immediately and really helped me.  My lymph nodes no longer hurt, and I am essentially back to normal.  I still need to watch my sugar intake, but Fivelac keeps me on track.  I have never given a product a review, but felt compelled to do so based upon all the suffering I experienced which was clearly needless.  I'm not saying it is a cure-all, but it really helped my symptoms and helped me return to a normal life.
]]></TEXT>
<TAGS>
<Cancer_type spans="219~230" text="brain tumor" id="C0" Certainty="Hypothetical" Class="Human"/>
<Cancer_type spans="235~243" text="lymphoma" id="C1" Certainty="Hypothetical" Class="Human"/>
<Product spans="558~565" text="product" id="P1" Type="Itself"/>
<Product spans="701~708" text="product" id="P2" Type="Itself"/>
<Product spans="870~877" text="Fivelac" id="P3" Type="Itself"/>
<Product spans="1052~1054" text="it" id="P5" Type="Itself"/>
<Product spans="1074~1076" text="it" id="P6" Type="Itself"/>
<Product spans="0~26" text="Global Health Trax Fivelac" id="P7" Type="Itself"/>
<Indicated_symptom spans="110~128" text="aching lymph nodes" id="I0" Class="Cancer_related" Certainty="Positive"/>
<Indicated_symptom spans="133~147" text="severe fatigue" id="I1" Class="Cancer_related" Certainty="Positive"/>
<Indicated_symptom spans="419~451" text="virus affecting my immune system" id="I2" Class="Other" Certainty="Positive"/>
<Favorable_outcome spans="709~734" text="worked almost immediately" id="F3" Class="Other" Certainty="Positive"/>
<Favorable_outcome spans="739~755" text="really helped me" id="F4" Class="Other" Certainty="Positive"/>
<Indicated_symptom spans="761~772" text="lymph nodes" id="I3" Class="Other" Certainty="Positive"/>
<Favorable_outcome spans="761~787" text="lymph nodes no longer hurt" id="F5" Class="Other" Certainty="Positive"/>
<Favorable_outcome spans="793~824" text="I am essentially back to normal" id="F6" Class="Other" Certainty="Positive"/>
<Favorable_outcome spans="878~895" text="keeps me on track" id="F7" Class="Other" Certainty="Positive"/>
<Favorable_outcome spans="1077~1102" text="really helped my symptoms" id="F8" Class="Other" Certainty="Positive"/>
<Favorable_outcome spans="1107~1140" text="helped me return to a normal life" id="F9" Class="Other" Certainty="Positive"/>
</TAGS>
<META/>
</Amazon_Review>