<?xml version="1.0" encoding="UTF-8" ?>
<Amazon_Review>
<TEXT><![CDATA[Jarrow Formulas Cordyceps, 500 mg, 60 Tablets

A holistic vet recommended Cordeyceps for my dog who has cancer.  Later, his oncologist and his regular vet recommended the same thing so, naturally, I bought it.  I chose this brand because it seemed to be reasonably priced and had the right dosage.  According to the label, it is grown in the Himalayan Mountains.  I am of two minds about that because China is in control there.  I took off a star for that.  An American firm, Stametz, also has Cordyceps, also sold by Amazon.Meanwhile, I decided to take it myself.  It does seem to pick up my energy as well as the dog's, but that is hard to quantify.
]]></TEXT>
<TAGS>
<Product spans="74~84" text="Cordeyceps" id="P1" Type="Other"/>
<Cancer_type spans="104~110" text="cancer" id="C0" Certainty="Positive" Class="Pet"/>
<Product spans="206~208" text="it" id="P2" Type="Itself"/>
<Product spans="323~325" text="it" id="P3" Type="Itself"/>
<Product spans="238~240" text="it" id="P4" Type="Itself"/>
<Product spans="494~503" text="Cordyceps" id="P5" Type="Other"/>
<Product spans="554~556" text="it" id="P6" Type="Itself"/>
<Product spans="566~568" text="it" id="P7" Type="Itself"/>
<Favorable_outcome spans="582~620" text="pick up my energy as well as the dog's" id="F0" Class="Cancer_related" Certainty="Positive"/>
<Product spans="0~25" text="Jarrow Formulas Cordyceps" id="P8" Type="Itself"/>
</TAGS>
<META/>
</Amazon_Review>