<?xml version="1.0" encoding="UTF-8" ?>
<Amazon_Review>
<TEXT><![CDATA[Flora - Flor-Essence Tea, , 2.2 oz packets

Suffering from prostate cancer, I decided to give this product a try.  I had heard that its been used for many years as a cure for many types of cancer.  I wanted to go the natural route and forgo the traditional cut and burn methods.  I'm not really a cook and this stuff you have to brew up. Composed of 8 herbs, at first it seemed more like a chemistry project, but after a couple of times, it's really quite easy.  The tea comes in foil packets.  You just pour one or two packets into water and then boil for 12 minutes.  Let stand overnight, then reheat, strain, then cool and store in the fridge.  All bottles and utensils need to be sterile though.  It has a nice, rather pleasant taste.  It should be taken on an empty stomach.  For what reason?  I don't know.  After taking the tea for 6 months, I went in for another PSA test.  Wala, it dropped!  Not as much as I would have liked, but it definitely went down.  I have improved my diet and take lots of vitamins too.  So I hope that has helped me also.  I plan to continue taking Essiac Tea indefinitely until I'm cured or die, whichever comes first.  There are several books available here at Amazon that are very informative and go into great detail about the tea.  I would recommend reading at least on of them before use.  There are several manufacturers making various formulas of the product, however, I believe Flor-Essence is the most effective one.
]]></TEXT>
<TAGS>
<Cancer_type spans="59~74" text="prostate cancer" id="C0" Certainty="Positive" Class="Human"/>
<Product spans="99~106" text="product" id="P1" Type="Itself"/>
<Cancer_type spans="189~195" text="cancer" id="C1" Certainty="Hypothetical" Class="Human"/>
<Product spans="311~316" text="stuff" id="P2" Type="Itself"/>
<Product spans="467~470" text="tea" id="P3" Type="Itself"/>
<Product spans="520~527" text="packets" id="P4" Type="Itself"/>
<Product spans="701~703" text="it" id="P5" Type="Itself"/>
<Product spans="740~742" text="it" id="P6" Type="Itself"/>
<Product spans="831~834" text="tea" id="P7" Type="Itself"/>
<Favorable_outcome spans="888~898" text="it dropped" id="F0" Class="Cancer_related" Certainty="Positive"/>
<Favorable_outcome spans="940~963" text="it definitely went down" id="F1" Class="Cancer_related" Certainty="Positive"/>
<Product spans="1084~1094" text="Essiac Tea" id="P8" Type="Itself"/>
<Product spans="1266~1269" text="tea" id="P9" Type="Other"/>
<Product spans="1422~1434" text="Flor-Essence" id="P11" Type="Itself"/>
<Product spans="0~24" text="Flora - Flor-Essence Tea" id="P12" Type="Itself"/>
<Product spans="132~135" text="its" id="P13" Type="Itself"/>
<Favorable_outcome spans="136~195" text="been used for many years as a cure for many types of cancer" id="F2" Class="Cancer_related" Certainty="Hypothetical"/>
<Favorable_outcome spans="710~737" text="nice, rather pleasant taste" id="F3" Class="Other" Certainty="Positive"/>
<Product spans="1313~1317" text="them" id="P14" Type="Itself"/>
<Favorable_outcome spans="1442~1460" text="most effective one" id="F4" Class="Other" Certainty="Positive"/>
<Product spans="1394~1401" text="product" id="P15" Type="Itself"/>
</TAGS>
<META/>
</Amazon_Review>