<?xml version="1.0" encoding="UTF-8" ?>
<Amazon_Review>
<TEXT><![CDATA[Iodine CoFactors EuroPharma (Terry Naturally) 90 Caps

These co-factors which help maximize iodine absorption are very effective. I can't speak to the efficacy of this product alone obviously because it is meant to be taken with an Iodine/Iodide supplement. I take Iodoral, although this company makes their own version of a similar supplement. I have done a lot of research about Iodine which is deficient in epidemic proportions in the US due in part to high levels of chlorine and fluoride in our bodies. Using these supplements has significantly improved my low thyroid symptoms, most notably hair loss, fatigue, brain fog and dry skin. Iodine seems to be the missing link for optimal health. FYI according to Dr. David Brownstein in his book &#34;Iodine, Why you Need it, Why you Can't Live Without it, Women with breast cancer who are tested for iodine levels are always low in this essential mineral his book goes into more detail. I recommend his book and these supplements for my friends who are recovering from breast and ovarian cancers based on what I read in that book.
]]></TEXT>
<TAGS>
<Product spans="168~175" text="product" id="P1" Type="Itself"/>
<Product spans="200~202" text="it" id="P2" Type="Itself"/>
<Product spans="265~272" text="Iodoral" id="P5" Type="Itself"/>
<Product spans="641~647" text="Iodine" id="P6" Type="Itself"/>
<Cancer_type spans="819~832" text="breast cancer" id="C0" Certainty="Hypothetical" Class="Human"/>
<Product spans="0~45" text="Iodine CoFactors EuroPharma (Terry Naturally)" id="P7" Type="Itself"/>
<Product spans="61~71" text="co-factors" id="P8" Type="Itself"/>
<Favorable_outcome spans="78~128" text="help maximize iodine absorption are very effective" id="F5" Class="Other" Certainty="Hypothetical"/>
<Product spans="520~531" text="supplements" id="P9" Type="Itself"/>
<Indicated_symptom spans="562~582" text="low thyroid symptoms" id="I0" Class="Other" Certainty="Positive"/>
<Indicated_symptom spans="597~606" text="hair loss" id="I1" Class="Other" Certainty="Positive"/>
<Indicated_symptom spans="608~615" text="fatigue" id="I2" Class="Other" Certainty="Positive"/>
<Indicated_symptom spans="617~626" text="brain fog" id="I3" Class="Other" Certainty="Positive"/>
<Indicated_symptom spans="631~639" text="dry skin" id="I4" Class="Other" Certainty="Positive"/>
<Indicated_symptom spans="852~880" text="iodine levels are always low" id="I5" Class="Other" Certainty="Positive"/>
<Product spans="970~981" text="supplements" id="P10" Type="Itself"/>
<Cancer_type spans="1021~1047" text="breast and ovarian cancers" id="C1" Certainty="Hypothetical" Class="Human"/>
<Favorable_outcome spans="536~639" text="significantly improved my low thyroid symptoms, most notably hair loss, fatigue, brain fog and dry skin" id="F6" Class="Other" Certainty="Positive"/>
</TAGS>
<META/>
</Amazon_Review>