<?xml version="1.0" encoding="UTF-8" ?>
<Amazon_Review>
<TEXT><![CDATA[120&quot; Portable Folding Aluminum Wheelchair &amp; Scooter Ramp

We have some steps up to our front door. My husband has had brain cancer surgery ( he's doing well) but his balance is way off and he's quite weak. the ramp is strong and works really really well getting him in and out of the front door on a transport chair. Have no complaints except it was very heavy to install, but once it's in it's very sturdy and safe!! Glad we bought it!
]]></TEXT>
<TAGS>
<Cancer_type spans="127~139" text="brain cancer" id="C0" Certainty="Positive" Class="Human"/>
<Product spans="219~223" text="ramp" id="P1" Type="Itself"/>
<Product spans="352~354" text="it" id="P2" Type="Itself"/>
<Product spans="391~393" text="it" id="P3" Type="Itself"/>
<Product spans="399~401" text="it" id="P4" Type="Itself"/>
<Favorable_outcome spans="404~424" text="very sturdy and safe" id="F1" Class="Other" Certainty="Positive"/>
<Product spans="442~444" text="it" id="P5" Type="Itself"/>
<Product spans="10~46" text="Portable Folding Aluminum Wheelchair" id="P6" Type="Itself"/>
<Product spans="53~65" text="Scooter Ramp" id="P7" Type="Itself"/>
<Indicated_symptom spans="175~193" text="balance is way off" id="I0" Class="Cancer_related" Certainty="Positive"/>
<Indicated_symptom spans="203~213" text="quite weak" id="I1" Class="Cancer_related" Certainty="Positive"/>
<Favorable_outcome spans="227~233" text="strong" id="F2" Class="Cancer_related" Certainty="Positive"/>
<Favorable_outcome spans="238~324" text="works really really well getting him in and out of the front door on a transport chair" id="F3" Class="Cancer_related" Certainty="Positive"/>
</TAGS>
<META/>
</Amazon_Review>