<?xml version="1.0" encoding="UTF-8" ?>
<Amazon_Review>
<TEXT><![CDATA[Host Defense Fungi Perfecti Turkey Tail, 60 capsules

Eager to try this product supposedly great for breast cancer victims to strengthen immune system. Hopefully it will help those in need.
]]></TEXT>
<TAGS>
<Product spans="72~79" text="product" id="P1" Type="Itself"/>
<Cancer_type spans="101~114" text="breast cancer" id="C0" Certainty="Hypothetical" Class="Human"/>
<Indicated_symptom spans="126~150" text="strengthen immune system" id="I0" Class="Cancer_related" Certainty="Positive"/>
<Product spans="162~164" text="it" id="P2" Type="Itself"/>
<Product spans="0~39" text="Host Defense Fungi Perfecti Turkey Tail" id="P3" Type="Itself"/>
<Favorable_outcome spans="91~150" text="great for breast cancer victims to strengthen immune system" id="F0" Class="Cancer_related" Certainty="Hypothetical"/>
</TAGS>
<META/>
</Amazon_Review>