<?xml version="1.0" encoding="UTF-8" ?>
<Amazon_Review>
<TEXT><![CDATA[ScarAway Professional Grade Silicone Scar Treatment Sheets - Full Dr. Recommended 12 Week Supply 12 Multi-Use Patches with Free Storage Case Included

Just a bit of background information.  After having a melanoma romoved from my shoulder blade a year or so ago, i was left with a 3 inch long scar.  Because of the position of the scar it was constantly being stretched and healed resulting in a mostly flat pale scar about a cm wide at it's widest point, with a lumpy, slightly raised hydrotrophic scar at the bottom.  When my dermatoligist/skin cancer specialist saw this he gave me a cortisone injection to try and reduce it, disaster!  My body did not like the interference of the cortisone at all and the raised scar grew over the next few days and became bigger and harder than it was before the injection!  Moral of the story, before you try any kind of injection or invasive treatment to reduce scarring, you must try silicone sheeting first.  After all, scarring is simply your body's reaction to wounds and interference and really there is no way that even an expert can predict the way your body will respond to invasive treatment.  With silicone you have nothing to lose apart from a few frustrating moments peeling off the sheeting and tape to shower and putting it on again.Which brings me to my next point, you must use a quality wound tape to accompany the Scaraway sheets if you want to get the full 7 days use out of each patch.  Why? Because the lint from your clothes will gradually creep under the sides of the patch and it will lose the stickiness, yes you can wash them every now and then but it will never return to it's original state and you want the sheet to stay as close to the scar as possible.  Plus, they aren't cheap to replace.Now, how effective are they? Pretty good, i was really excited at the result after the first week but improvements have been minimal over the last few weeks, appearing to flatten some days and feeling harder/lumpier the next.  Almost finished my first month with one month to go and hoping for the best, overall i am happy but still wish i tried Scaraway when my scar was smaller.
]]></TEXT>
<TAGS>
<Cancer_type spans="205~213" text="melanoma" id="C0" Certainty="Positive" Class="Human"/>
<Product spans="1149~1157" text="silicone" id="P1" Type="Itself"/>
<Product spans="926~943" text="silicone sheeting" id="P2" Type="Itself"/>
<Product spans="1276~1278" text="it" id="P3" Type="Itself"/>
<Product spans="1373~1388" text="Scaraway sheets" id="P4" Type="Itself"/>
<Product spans="1440~1445" text="patch" id="P5" Type="Itself"/>
<Product spans="1532~1537" text="patch" id="P6" Type="Itself"/>
<Product spans="1542~1544" text="it" id="P7" Type="Itself"/>
<Product spans="1616~1618" text="it" id="P8" Type="Itself"/>
<Product spans="1640~1642" text="it" id="P9" Type="Itself"/>
<Product spans="1677~1682" text="sheet" id="P10" Type="Itself"/>
<Favorable_outcome spans="1790~1801" text="Pretty good" id="F0" Class="Cancer_related" Certainty="Positive"/>
<Product spans="0~58" text="ScarAway Professional Grade Silicone Scar Treatment Sheets" id="P11" Type="Itself"/>
<Product spans="100~117" text="Multi-Use Patches" id="P12" Type="Itself"/>
<Indicated_symptom spans="293~297" text="scar" id="I0" Class="Cancer_related" Certainty="Positive"/>
<Indicated_symptom spans="331~335" text="scar" id="I1" Class="Cancer_related" Certainty="Positive"/>
<Indicated_symptom spans="413~417" text="scar" id="I2" Class="Cancer_related" Certainty="Positive"/>
<Indicated_symptom spans="499~503" text="scar" id="I3" Class="Cancer_related" Certainty="Positive"/>
<Cancer_type spans="542~553" text="skin cancer" id="C1" Certainty="Negative" Class="Human"/>
<Indicated_symptom spans="717~721" text="scar" id="I4" Class="Cancer_related" Certainty="Positive"/>
<Indicated_symptom spans="903~911" text="scarring" id="I5" Class="Cancer_related" Certainty="Positive"/>
<Favorable_outcome spans="896~911" text="reduce scarring" id="F3" Class="Cancer_related" Certainty="Hypothetical"/>
<Indicated_symptom spans="963~971" text="scarring" id="I6" Class="Cancer_related" Certainty="Positive"/>
<Product spans="1236~1244" text="sheeting" id="P13" Type="Itself"/>
<Product spans="1588~1592" text="them" id="P14" Type="Itself"/>
<Indicated_symptom spans="1707~1711" text="scar" id="I7" Class="Cancer_related" Certainty="Positive"/>
<Product spans="1732~1736" text="they" id="P15" Type="Itself"/>
<Product spans="1784~1788" text="they" id="P16" Type="Itself"/>
<Favorable_outcome spans="1919~1949" text="appearing to flatten some days" id="F4" Class="Cancer_related" Certainty="Positive"/>
<Favorable_outcome spans="2073~2083" text="i am happy" id="F5" Class="Cancer_related" Certainty="Positive"/>
<Indicated_symptom spans="2124~2128" text="scar" id="I8" Class="Cancer_related" Certainty="Positive"/>
<Favorable_outcome spans="1863~1917" text="improvements have been minimal over the last few weeks" id="F6" Class="Cancer_related" Certainty="Positive"/>
<Favorable_outcome spans="2088~2140" text="still wish i tried Scaraway when my scar was smaller" id="F7" Class="Cancer_related" Certainty="Positive"/>
<Harmful_outcome spans="1954~1985" text="feeling harder/lumpier the next" id="H0" Class="Cancer_related" Certainty="Positive"/>
</TAGS>
<META/>
</Amazon_Review>