<?xml version="1.0" encoding="UTF-8" ?>
<Amazon_Review>
<TEXT><![CDATA[Solgar Reishi Shiitake Maitake Mushroom Extract Vegetable Capsules 50

I bought these in the hope they could extend a life....my dogs life that is.  Vets found liver cancer back in February 2013.  Tumor was removed without radiation and has just now come back in July.  I read a veterinary journal that spoke of these 3 particular mushrooms so I purchased this product at the beginning of July.  My 12 year old dog has been getting 1 capsule twice daily since that time.  Ultrasound was done this past week and the regrowth has NOT gotten any larger.  I'm happy to get any extended period of time with my little man but I will keep using this product as I have faith that it is working.  Plus, I work in a veterinary hospital and some of the people I work with swear by the mushroom therapy for cancer patients!!
]]></TEXT>
<TAGS>
<Product spans="0~66" text="Solgar Reishi Shiitake Maitake Mushroom Extract Vegetable Capsules" id="P0" Type="Itself"/>
<Product spans="80~85" text="these" id="P1" Type="Itself"/>
<Product spans="98~102" text="they" id="P2" Type="Itself"/>
<Cancer_type spans="160~172" text="liver cancer" id="C0" Certainty="Positive" Class="Pet"/>
<Cancer_type spans="197~202" text="Tumor" id="C1" Certainty="Positive" Class="Pet"/>
<Product spans="361~368" text="product" id="P4" Type="Itself"/>
<Product spans="434~441" text="capsule" id="P5" Type="Itself"/>
<Favorable_outcome spans="515~549" text="regrowth has NOT gotten any larger" id="F0" Class="Cancer_related" Certainty="Positive"/>
<Product spans="643~650" text="product" id="P6" Type="Itself"/>
<Product spans="672~674" text="It" id="P7" Type="Itself"/>
<Cancer_type spans="795~801" text="cancer" id="C2" Certainty="Hypothetical" Class="Pet"/>
<Favorable_outcome spans="552~615" text="I'm happy to get any extended period of time with my little man" id="F1" Class="Cancer_related" Certainty="Positive"/>
<Indicated_symptom spans="237~259" text="has just now come back" id="I1" Class="Cancer_related" Certainty="Positive"/>
<Favorable_outcome spans="109~122" text="extend a life" id="F2" Class="Cancer_related" Certainty="Hypothetical"/>
<Favorable_outcome spans="620~650" text="I will keep using this product" id="F3" Class="Other" Certainty="Positive"/>
<Favorable_outcome spans="672~685" text="it is working" id="F4" Class="Cancer_related" Certainty="Positive"/>
</TAGS>
<META/>
</Amazon_Review>