<?xml version="1.0" encoding="UTF-8" ?>
<Amazon_Review>
<TEXT><![CDATA[Source Naturals Mushroom Immune Defense, 30 Tablets

I have more than 4 years using this product. I have not enough words to praise this product. I have try others but this is the best by far. I have traveled to Asia without vaccines!!!! To travel there you need many vaccines so I decided to use something to protect myself instead to get  a shot of half dead viruses. It does works!!!. I never got sick while traveling for a whole month. When other got sick I don't even get diarrhea. I start taking them one week before my trip and continue during the whole trip (4 per day). I only took 6 per day when I went to places known to have cases of leprosy.Of course I also took other hygienic precautions.  I used it for every day use too,  in less quantity (2 per day). I don't get sick not even when I'm close to other people with flu. I know there is not such things as miracle products but this one is near to be one. This product has at least 3 mushrooms that are well known for their properties (shiitake, Maitake and Reishi). I have heard that it is used even for cancer but I don't have knowledge about it. My own experience have been very positive, my doctor told me my immune system is very high and I can give faith of that. The pills are average on size, it doesn't smells at all and doesn't burn your stomach. During these years I haven't had any secondary effects. I take them with or without meals. I don't know if they react with other prescriptions. I highly recommend this product to boost your immune system. Just editing my review to say: The seller is amazing, I just received the package in 2 days!! I have been using this product for long time and no quality problems at all, anyway back of bottle says: Made IN USA, California (for those who think there is a problem with Chinese quality)
]]></TEXT>
<TAGS>
<Product spans="0~39" text="Source Naturals Mushroom Immune Defense" id="P0" Type="Itself"/>
<Product spans="370~372" text="It" id="P1" Type="Itself"/>
<Favorable_outcome spans="370~383" text="It does works" id="F0" Class="Other" Certainty="Positive"/>
<Cancer_type spans="1069~1075" text="cancer" id="C0" Certainty="Hypothetical" Class="Human"/>
<Product spans="1049~1051" text="It" id="P2" Type="Itself"/>
<Favorable_outcome spans="1113~1154" text="My own experience have been very positive" id="F1" Class="Other" Certainty="Positive"/>
<Product spans="1265~1267" text="It" id="P3" Type="Itself"/>
<Favorable_outcome spans="1294~1319" text="doesn't burn your stomach" id="F3" Class="Other" Certainty="Positive"/>
<Indicated_symptom spans="1500~1524" text="boost your immune system" id="I0" Class="Other" Certainty="Positive"/>
<Product spans="502~506" text="them" id="P4" Type="Itself"/>
<Product spans="712~714" text="It" id="P7" Type="Itself"/>
<Favorable_outcome spans="769~785" text="I don't get sick" id="F5" Class="Other" Certainty="Positive"/>
<Product spans="925~932" text="product" id="P9" Type="Itself"/>
<Product spans="1384~1388" text="them" id="P10" Type="Itself"/>
<Product spans="1428~1432" text="they" id="P11" Type="Itself"/>
<Product spans="1489~1496" text="product" id="P12" Type="Itself"/>
<Product spans="1643~1650" text="product" id="P13" Type="Itself"/>
<Product spans="89~96" text="product" id="P14" Type="Itself"/>
<Product spans="137~144" text="product" id="P15" Type="Itself"/>
<Product spans="168~172" text="This" id="P16" Type="Itself"/>
<Favorable_outcome spans="98~144" text="I have not enough words to praise this product" id="F8" Class="Other" Certainty="Positive"/>
<Favorable_outcome spans="168~184" text="this is the best" id="F9" Class="Other" Certainty="Positive"/>
<Favorable_outcome spans="388~404" text="I never got sick" id="F10" Class="Other" Certainty="Positive"/>
<Indicated_symptom spans="455~459" text="sick" id="I1" Class="Cancer_related" Certainty="Positive"/>
<Favorable_outcome spans="462~485" text="don't even get diarrhea" id="F11" Class="Cancer_related" Certainty="Positive"/>
<Indicated_symptom spans="646~653" text="leprosy" id="I2" Class="Other" Certainty="Positive"/>
<Indicated_symptom spans="831~834" text="flu" id="I3" Class="Cancer_related" Certainty="Positive"/>
<Product spans="879~887" text="products" id="P18" Type="Other"/>
<Product spans="897~900" text="one" id="P19" Type="Itself"/>
<Favorable_outcome spans="1156~1203" text="my doctor told me my immune system is very high" id="F12" Class="Other" Certainty="Positive"/>
<Product spans="1238~1243" text="pills" id="P20" Type="Itself"/>
<Favorable_outcome spans="1268~1282" text="doesn't smells" id="F13" Class="Other" Certainty="Positive"/>
<Favorable_outcome spans="1342~1375" text="haven't had any secondary effects" id="F14" Class="Other" Certainty="Positive"/>
<Favorable_outcome spans="1465~1496" text="I highly recommend this product" id="F15" Class="Other" Certainty="Positive"/>
</TAGS>
<META/>
</Amazon_Review>