<?xml version="1.0" encoding="UTF-8" ?>
<Amazon_Review>
<TEXT><![CDATA[Breast Cancer Rally Flag Spirtit Stick air inflated balloon

wonderful product but cannot deflate them.  they will deflate on their own but have a bag full that I cannot deflate.
]]></TEXT>
<TAGS>
<Cancer_type spans="0~13" text="Breast Cancer" id="C0" Certainty="Hypothetical" Class="Human"/>
<Product spans="71~78" text="product" id="P1" Type="Itself"/>
<Product spans="98~102" text="them" id="P2" Type="Itself"/>
<Product spans="105~109" text="they" id="P3" Type="Itself"/>
<Product spans="0~59" text="Breast Cancer Rally Flag Spirtit Stick air inflated balloon" id="P4" Type="Itself"/>
<Product spans="126~135" text="their own" id="P5" Type="Itself"/>
</TAGS>
<META/>
</Amazon_Review>