<?xml version="1.0" encoding="UTF-8" ?>
<Amazon_Review>
<TEXT><![CDATA[Lycopene 20 mg 60 Sgels

This can be helpful in preventing prostate cancer. Very good product and would say to anyone that's concerned about your health especially men, should take this.
]]></TEXT>
<TAGS>
<Product spans="0~8" text="Lycopene" id="P0" Type="Itself"/>
<Cancer_type spans="59~74" text="prostate cancer" id="C0" Certainty="Hypothetical" Class="Human"/>
<Product spans="25~29" text="This" id="P1" Type="Itself"/>
<Favorable_outcome spans="30~74" text="can be helpful in preventing prostate cancer" id="F0" Class="Cancer_related" Certainty="Hypothetical"/>
<Product spans="86~93" text="product" id="P2" Type="Itself"/>
<Indicated_symptom spans="125~167" text="concerned about your health especially men" id="I1" Class="Cancer_related" Certainty="Positive"/>
<Product spans="181~185" text="This" id="P3" Type="Itself"/>
<Favorable_outcome spans="76~93" text="Very good product" id="F1" Class="Other" Certainty="Positive"/>
<Favorable_outcome spans="169~185" text="should take this" id="F2" Class="Cancer_related" Certainty="Positive"/>
</TAGS>
<META/>
</Amazon_Review>