<?xml version="1.0" encoding="UTF-8" ?>
<Amazon_Review>
<TEXT><![CDATA[Magnifier Set - Handheld, 3 Pc

Item arrived with a cancer warning label.  This purchase was to be a gift for my daughter, but I wouldn't have made the purchase had I known about the risk.  I assume this is due to the solder used or something, but not worth it in my book.  Back it went.
]]></TEXT>
<TAGS>
<Product spans="0~13" text="Magnifier Set" id="P0" Type="Itself"/>
<Cancer_type spans="52~58" text="cancer" id="C0" Certainty="Hypothetical" Class="Human"/>
<Product spans="279~281" text="It" id="P2" Type="Itself"/>
<Product spans="32~36" text="Item" id="P3" Type="Itself"/>
<Product spans="258~260" text="it" id="P4" Type="Itself"/>
</TAGS>
<META/>
</Amazon_Review>