<?xml version="1.0" encoding="UTF-8" ?>
<Amazon_Review>
<TEXT><![CDATA[NOW Foods L-Glutamine Pure Powder, 1-Pound

MY WIFE IS HAVING CHEMO FOR CANCER AND WAS TOLD BY HER DOCTOR TO USE THIS L-GLUTAMINE POWDER TO HELP FIGHT THE DAMAGE DONE TO THE MUSCLES DURING CHEMO! THE LABLE STATES IT IS AMINO ACID AND HELPS THE IMMUNE SYSTEM GROW CELLS.AT THIS POINT WE CAN ONLY PRAY IT WORKS AS WELL AS THE DOCTOR SAYS AND MORE!!! I DO KNOW, IT WAS HARD TO FIND AND WHEN I DID AMAZON.COM HAD THE BEST PRICE AND IF YOU DO NOT BUY ALOT FROM AMAZON AND NOT IN A HURRY > SHIPPING IS FREE !!!!!!!!!
]]></TEXT>
<TAGS>
<Product spans="0~33" text="NOW Foods L-Glutamine Pure Powder" id="P0" Type="Itself"/>
<Cancer_type spans="72~78" text="cancer" id="C0" Certainty="Positive" Class="Human"/>
<Product spans="118~136" text="L-GLUTAMINE POWDER" id="P2" Type="Itself"/>
<Product spans="213~215" text="It" id="P4" Type="Itself"/>
<Favorable_outcome spans="234~268" text="HELPS THE IMMUNE SYSTEM GROW CELLS" id="F0" Class="Cancer_related" Certainty="Positive"/>
<Product spans="300~302" text="It" id="P5" Type="Itself"/>
<Product spans="359~361" text="It" id="P6" Type="Itself"/>
<Indicated_symptom spans="155~181" text="DAMAGE DONE TO THE MUSCLES" id="I0" Class="Cancer_related" Certainty="Positive"/>
<Favorable_outcome spans="140~181" text="HELP FIGHT THE DAMAGE DONE TO THE MUSCLES" id="F1" Class="Cancer_related" Certainty="Hypothetical"/>
<Favorable_outcome spans="300~308" text="IT WORKS" id="F2" Class="Cancer_related" Certainty="Positive"/>
</TAGS>
<META/>
</Amazon_Review>