<?xml version="1.0" encoding="UTF-8" ?>
<Amazon_Review>
<TEXT><![CDATA[Travelon Toiletry Sheets, - 02091

So look; I am super happy with functionality and design. The product really does work, and work well. But it comes with a warning label sticker, informing me that it contains toxins. This was *not* made clear to me prior to purchase, and thus - I feel cheated.Here's the product: 50 super thin sheets of what I assume is dried shaving cream. Wet one sheet and you've got enough lather/gel to shave your face.It works well, it's even smaller than it looks online and it weighs next to nothing. This would be a perfect product.Two problems:1. it's heavily scented and smells like a cheap toilet cleaner. If you normally shave after you shower, you'll carry this crappy odour with you. I'm actually willing to live with that, since the product is so damn convenient.2. It causes cancer and Travelon refuses to provide specific information about ingredients is forcing them to label their product with the PROP 65 Warning. I think amazon filters links in these text, but google \
]]></TEXT>
<TAGS>
<Product spans="0~24" text="Travelon Toiletry Sheets" id="P0" Type="Itself"/>
<Favorable_outcome spans="49~90" text="super happy with functionality and design" id="F0" Class="Other" Certainty="Positive"/>
<Product spans="96~103" text="product" id="P1" Type="Itself"/>
<Product spans="141~143" text="It" id="P2" Type="Itself"/>
<Product spans="198~200" text="It" id="P3" Type="Itself"/>
<Harmful_outcome spans="201~216" text="contains toxins" id="H0" Class="Other" Certainty="Positive"/>
<Product spans="306~313" text="product" id="P4" Type="Itself"/>
<Product spans="443~445" text="It" id="P6" Type="Itself"/>
<Favorable_outcome spans="446~456" text="works well" id="F3" Class="Other" Certainty="Positive"/>
<Product spans="458~460" text="It" id="P7" Type="Itself"/>
<Product spans="481~483" text="It" id="P8" Type="Itself"/>
<Product spans="501~503" text="It" id="P9" Type="Itself"/>
<Product spans="552~559" text="product" id="P10" Type="Itself"/>
<Product spans="576~578" text="It" id="P11" Type="Itself"/>
<Product spans="768~775" text="product" id="P12" Type="Itself"/>
<Favorable_outcome spans="779~797" text="so damn convenient" id="F6" Class="Other" Certainty="Positive"/>
<Product spans="801~803" text="It" id="P13" Type="Itself"/>
<Cancer_type spans="811~817" text="cancer" id="C0" Certainty="Hypothetical" Class="Human"/>
<Product spans="920~927" text="product" id="P14" Type="Itself"/>
<Favorable_outcome spans="104~120" text="really does work" id="F7" Class="Other" Certainty="Positive"/>
<Favorable_outcome spans="126~135" text="work well" id="F8" Class="Other" Certainty="Positive"/>
<Product spans="329~335" text="sheets" id="P15" Type="Itself"/>
<Product spans="385~390" text="sheet" id="P16" Type="Itself"/>
<Product spans="528~532" text="This" id="P17" Type="Itself"/>
<Favorable_outcome spans="544~559" text="perfect product" id="F9" Class="Other" Certainty="Hypothetical"/>
</TAGS>
<META/>
</Amazon_Review>