<?xml version="1.0" encoding="UTF-8" ?>
<Amazon_Review>
<TEXT><![CDATA[2 EZ Green Cotton Terrycloth Mop Pads, SUPER Absorbent Bleachable Washable Reusable, Refills for use with Swiffer WetJet and Libman Freedom Spray Mop (Prevailing Pink)

Works great so far...very well made and thick. I haven't washed them yet so I hope they wash well.I didn't look at the picture closely,but these ones have the breast cancer ribbons on them...I also got the other brown and blue ones. I think the price is really good for these since a box of disposable ones are as much as two of these, but since I have pets the disposables don't last long at all. These wash well, but they are hard to push when they get wet. You have to put more effort into mopping than you do with the wet wipes.
]]></TEXT>
<TAGS>
<Product spans="2~37" text="EZ Green Cotton Terrycloth Mop Pads" id="P0" Type="Itself"/>
<Favorable_outcome spans="169~187" text="Works great so far" id="F0" Class="Other" Certainty="Positive"/>
<Product spans="233~237" text="them" id="P1" Type="Itself"/>
<Product spans="252~256" text="they" id="P2" Type="Itself"/>
<Cancer_type spans="328~341" text="breast cancer" id="C0" Certainty="Hypothetical" Class="Human"/>
<Product spans="353~357" text="them" id="P4" Type="Itself"/>
<Product spans="439~444" text="these" id="P5" Type="Itself"/>
<Product spans="498~503" text="these" id="P6" Type="Itself"/>
<Product spans="567~572" text="these" id="P7" Type="Itself"/>
<Favorable_outcome spans="573~582" text="wash well" id="F2" Class="Other" Certainty="Positive"/>
<Product spans="588~592" text="they" id="P8" Type="Itself"/>
<Product spans="615~619" text="they" id="P9" Type="Itself"/>
<Favorable_outcome spans="190~204" text="very well made" id="F9" Class="Other" Certainty="Positive"/>
<Favorable_outcome spans="209~214" text="thick" id="F10" Class="Other" Certainty="Positive"/>
<Favorable_outcome spans="257~266" text="wash well" id="F11" Class="Other" Certainty="Hypothetical"/>
<Product spans="308~318" text="these ones" id="P10" Type="Itself"/>
<Favorable_outcome spans="414~434" text="price is really good" id="F12" Class="Other" Certainty="Positive"/>
</TAGS>
<META/>
</Amazon_Review>