<?xml version="1.0" encoding="UTF-8" ?>
<Amazon_Review>
<TEXT><![CDATA[#1 Green Tea Extract - Green Tea GOLD, 500 mg, 120 Vegetarian Capsules - Decaffeinated Green Tea Fat Burner Supplement for Weight-loss (98% Polyphenols, 50% EGCG)

Since having a parent with cancer I have been doing a huge amount of research. When I found out that green tea might help I did a lot more research and liked what I saw. I bought this because it was great for the price and size and had good reviews. So far, so good. I can't tell you if it is the only thing helping, but along with a regimen of other supplements it seems to be.
]]></TEXT>
<TAGS>
<Product spans="3~20" text="Green Tea Extract" id="P0" Type="Itself"/>
<Product spans="23~37" text="Green Tea GOLD" id="P1" Type="Itself"/>
<Product spans="51~70" text="Vegetarian Capsules" id="P2" Type="Itself"/>
<Cancer_type spans="191~197" text="cancer" id="C0" Certainty="Positive" Class="Human"/>
<Product spans="343~347" text="This" id="P5" Type="Itself"/>
<Product spans="356~358" text="It" id="P6" Type="Itself"/>
<Favorable_outcome spans="414~429" text="So far, so good" id="F0" Class="Cancer_related" Certainty="Positive"/>
<Product spans="451~453" text="It" id="P7" Type="Itself"/>
<Product spans="527~529" text="It" id="P8" Type="Itself"/>
<Product spans="265~274" text="green tea" id="P10" Type="Other"/>
<Favorable_outcome spans="275~285" text="might help" id="F1" Class="Cancer_related" Certainty="Hypothetical"/>
<Product spans="73~96" text="Decaffeinated Green Tea" id="P11" Type="Itself"/>
<Favorable_outcome spans="363~391" text="great for the price and size" id="F2" Class="Other" Certainty="Positive"/>
<Favorable_outcome spans="396~412" text="had good reviews" id="F3" Class="Other" Certainty="Positive"/>
</TAGS>
<META/>
</Amazon_Review>