<?xml version="1.0" encoding="UTF-8" ?>
<Amazon_Review>
<TEXT><![CDATA[Nutricology Super Artemisinin, Vegicaps, 60-Count

This stuff actually kills cancer, yes it kills cancer, I am a stage 3 colon cancer survivor, also kills malaria, and it makes you feel much better.
]]></TEXT>
<TAGS>
<Product spans="0~29" text="Nutricology Super Artemisinin" id="P0" Type="Itself"/>
<Product spans="31~39" text="Vegicaps" id="P1" Type="Itself"/>
<Product spans="56~61" text="stuff" id="P2" Type="Itself"/>
<Cancer_type spans="77~83" text="cancer" id="C0" Certainty="Hypothetical" Class="Human"/>
<Favorable_outcome spans="71~83" text="kills cancer" id="F0" Class="Cancer_related" Certainty="Hypothetical"/>
<Product spans="89~91" text="It" id="P3" Type="Itself"/>
<Cancer_type spans="98~104" text="cancer" id="C1" Certainty="Hypothetical" Class="Human"/>
<Favorable_outcome spans="92~104" text="kills cancer" id="F1" Class="Cancer_related" Certainty="Hypothetical"/>
<Product spans="168~170" text="it" id="P4" Type="Itself"/>
<Cancer_type spans="121~133" text="colon cancer" id="C2" Certainty="Positive" Class="Human"/>
<Favorable_outcome spans="121~142" text="colon cancer survivor" id="F4" Class="Cancer_related" Certainty="Positive"/>
<Favorable_outcome spans="171~197" text="makes you feel much better" id="F5" Class="Cancer_related" Certainty="Positive"/>
<Indicated_symptom spans="155~162" text="malaria" id="I0" Class="Other" Certainty="Positive"/>
<Favorable_outcome spans="149~162" text="kills malaria" id="F6" Class="Other" Certainty="Positive"/>
</TAGS>
<META/>
</Amazon_Review>