<?xml version="1.0" encoding="UTF-8" ?>
<Amazon_Review>
<TEXT><![CDATA[IP6 Gold Immune Support Formula by IP6 - 240 Vegetarian Capsules

First off Dr. Shamsuddin is to be commended not only creating the purest form of IP-6 but for backing his product with science and research. And the fact that the man personally responded to my emails and took the time to help me work out the best dosage for his product as well as educate me on the benefits is just remarkable. now as for my review well here it is.. My 6yr old special needs daughter was diagnosed with ALL in June of 09. and where she had Down Syndrome this was a potential dire situation. And as fate would have it it was. She did very poorly with the chemo and contracted RSV on the HEM/OC floor during nutrapina. Needles to say she ended up in the PICU and on a ventilator and then life support with talk of the ECMO[full body life support, does it all heart, kidney, lung, all the work.. and low success rate folks]. Well Christmas of 2010 was not a good time for my family.. Morgan died 7 times in a 48hr period and we were sure we would lose her. but she was a trooper and pulled out of it.. but cancer was not done with her and what should have been 9 months of treatments stretched out to just under 3 years with many close call's[far too many for me to even wish to recall].. Well by 2011 i had done enough research and witnessed enough suffering of my daughter to sit with the HEM/OC team and terminate treatments[she had about 4 months left]but the way the chemo was just killing her it could not continue[she went 43 days with an ANC of 0!!!!)so we went home and prayed a little [A LOT!]and tried to bring Morgan back to good health.. well it didn't really happen and her immune system could not recover.. it was devastating and heartbreaking to watch her suffer as she was.. And after seeing Immunologist and being told to wait for her system to recover we went back home and did just that.. well after 7 months and her getting pneumonia like 15 times it was clear to me that i had to act.. So i started searching and asking.. i believed in my very soul that we had to try a natural course.. man they were talking about using a different kind of chemo to boost her counts.. i was so upset at the Dr i just left.. And so began my trip in to natural health supplements and i came across this IP-6.. got the good Dr. Shamsuddin's book and educated myself on this wondrous supplement.. now 1st i test it on myself.. as i suffer from calcium oxalate kidney stones and IP-6 has been known to help i figured i could benefit too... maybe??[haven't had a stone since 3 weeks after i started by the way.. or the common cold !!! and its well over a year now]. So for about 2 months i took it and had no ill effects at all only good things were happening.. so it was time to try it on Morgan but how much to give her as she was only 8 yrs old... So i emailed the good Dr and he replied in less than 24hrs later, explained a dosage[told me this was not medical advice... smart man]and we started with Morgan.. now she had been having terrible CBC, counts were very low.. cancer/relapse was on the horizon.. she was in dire straits,, weighted less the 40 lbs and obviously struggling. i was pretty low i will tell ya.. About a month into IP-6 i started to notice weird stuff.. 1st off her finger and toe nails started falling off.. the whole nail folks.. not chipping or cracking.. but underneath was an almost full grown new nail[oh man it was creepy weird].. and then we go to our bi-monthly HEM/OC check up and she weighed in at 55 lbs!![i had not been monitoring weight at this time and my heart surged! then the CBC came back and though her counts were still low they were the highest they had been in 3 years!!!!! Well they said it was the chemo worn off and she was regenerating on her own[BS}..[chemo does not stay in the body that long folks we were a full year out of treatments] so i walked out of that office with Morgan in my arms and a tear in my eye as i knew we had hit on something big.. now it 2 years out of treatment Morgan has grown 4in and now weighs in at 70 lbs... she takes the good Dr.s IP-6 twice a day as well as a few other supplements to boost allergy protection and has had normal CBC's.. so THANK YOU Dr. Shamsuddin! for your product and taking the time to correspond with me while in a most desperate time.. you are a great man for all you have done and continue to do..
]]></TEXT>
<TAGS>
<Product spans="45~64" text="Vegetarian Capsules" id="P1" Type="Itself"/>
<Product spans="147~151" text="IP-6" id="P2" Type="Itself"/>
<Product spans="172~179" text="product" id="P3" Type="Itself"/>
<Product spans="329~336" text="product" id="P4" Type="Itself"/>
<Cancer_type spans="487~490" text="ALL" id="C0" Certainty="Positive" Class="Human"/>
<Cancer_type spans="1087~1093" text="cancer" id="C1" Certainty="Positive" Class="Human"/>
<Product spans="2288~2292" text="IP-6" id="P5" Type="Itself"/>
<Product spans="2367~2377" text="supplement" id="P6" Type="Itself"/>
<Indicated_symptom spans="2427~2456" text="calcium oxalate kidney stones" id="I0" Class="Cancer_related" Certainty="Positive"/>
<Product spans="2461~2465" text="IP-6" id="P7" Type="Itself"/>
<Favorable_outcome spans="2461~2488" text="IP-6 has been known to help" id="F0" Class="Other" Certainty="Hypothetical"/>
<Favorable_outcome spans="2530~2590" text="haven't had a stone since 3 weeks after i started by the way" id="F1" Class="Other" Certainty="Positive"/>
<Product spans="2676~2678" text="it" id="P8" Type="Itself"/>
<Favorable_outcome spans="2683~2708" text="had no ill effects at all" id="F3" Class="Other" Certainty="Positive"/>
<Favorable_outcome spans="2709~2740" text="only good things were happening" id="F4" Class="Other" Certainty="Positive"/>
<Product spans="3222~3226" text="IP-6" id="P9" Type="Itself"/>
<Harmful_outcome spans="3261~3313" text="1st off her finger and toe nails started falling off" id="H0" Class="Other" Certainty="Positive"/>
<Favorable_outcome spans="3498~3522" text="she weighed in at 55 lbs" id="F5" Class="Other" Certainty="Positive"/>
<Product spans="4097~4101" text="IP-6" id="P10" Type="Itself"/>
<Favorable_outcome spans="4181~4201" text="has had normal CBC's" id="F7" Class="Other" Certainty="Positive"/>
<Product spans="4242~4249" text="product" id="P11" Type="Itself"/>
<Product spans="0~38" text="IP6 Gold Immune Support Formula by IP6" id="P12" Type="Itself"/>
<Indicated_symptom spans="617~643" text="very poorly with the chemo" id="I1" Class="Cancer_related" Certainty="Positive"/>
<Indicated_symptom spans="648~662" text="contracted RSV" id="I2" Class="Cancer_related" Certainty="Positive"/>
<Indicated_symptom spans="770~804" text="life support with talk of the ECMO" id="I3" Class="Cancer_related" Certainty="Positive"/>
<Indicated_symptom spans="972~1001" text="died 7 times in a 48hr period" id="I4" Class="Cancer_related" Certainty="Positive"/>
<Indicated_symptom spans="524~537" text="Down Syndrome" id="I5" Class="Other" Certainty="Positive"/>
<Cancer_type spans="3056~3062" text="cancer" id="C2" Certainty="Hypothetical" Class="Human"/>
<Indicated_symptom spans="1453~1479" text="chemo was just killing her" id="I6" Class="Cancer_related" Certainty="Positive"/>
<Indicated_symptom spans="1669~1700" text="immune system could not recover" id="I7" Class="Cancer_related" Certainty="Positive"/>
<Indicated_symptom spans="1926~1935" text="pneumonia" id="I8" Class="Other" Certainty="Positive"/>
<Indicated_symptom spans="2600~2611" text="common cold" id="I9" Class="Other" Certainty="Positive"/>
<Favorable_outcome spans="2593~2611" text="or the common cold" id="F8" Class="Other" Certainty="Positive"/>
<Indicated_symptom spans="3019~3031" text="terrible CBC" id="I10" Class="Cancer_related" Certainty="Positive"/>
<Indicated_symptom spans="3033~3053" text="counts were very low" id="I11" Class="Cancer_related" Certainty="Positive"/>
<Indicated_symptom spans="3118~3142" text="weighted less the 40 lbs" id="I12" Class="Cancer_related" Certainty="Positive"/>
<Indicated_symptom spans="3630~3651" text="counts were still low" id="I13" Class="Cancer_related" Certainty="Positive"/>
<Favorable_outcome spans="3652~3673" text="they were the highest" id="F9" Class="Cancer_related" Certainty="Positive"/>
<Harmful_outcome spans="3240~3258" text="notice weird stuff" id="H1" Class="Cancer_related" Certainty="Positive"/>
</TAGS>
<META/>
</Amazon_Review>