<?xml version="1.0" encoding="UTF-8" ?>
<Amazon_Review>
<TEXT><![CDATA[Rit Sun Guard Laundry Treatment UV Protectant - Six Pack

A friend found this on line after my husband was  diagnosised with melanoma so we are hoping it will work.  Not sure yet
]]></TEXT>
<TAGS>
<Product spans="0~45" text="Rit Sun Guard Laundry Treatment UV Protectant" id="P0" Type="Itself"/>
<Cancer_type spans="125~133" text="melanoma" id="C0" Certainty="Positive" Class="Human"/>
<Product spans="73~77" text="this" id="P1" Type="Itself"/>
<Product spans="151~153" text="it" id="P2" Type="Itself"/>
<Favorable_outcome spans="144~163" text="hoping it will work" id="F0" Class="Cancer_related" Certainty="Hypothetical"/>
</TAGS>
<META/>
</Amazon_Review>