<?xml version="1.0" encoding="UTF-8" ?>
<Amazon_Review>
<TEXT><![CDATA[Tria Hair Removal Laser 4X - Fuchsia

I can't believe people actually pay this money to get radiation lolI worked in laser salon, it is NOT that safe. Hair is a normal thing because YOU HAVE HORMONES, it's a normal process of your body. Just wax once a month, you can do it yourself with easy stuff they sell out there, or shave but don't laser.I can see a lot of people with cancer or horrible illnesses in future when all these laser lovers get older.
]]></TEXT>
<TAGS>
<Product spans="0~23" text="Tria Hair Removal Laser" id="P0" Type="Itself"/>
<Cancer_type spans="376~382" text="cancer" id="C0" Certainty="Hypothetical" Class="Human"/>
<Product spans="117~122" text="laser" id="P1" Type="Other"/>
<Product spans="130~132" text="it" id="P2" Type="Other"/>
<Product spans="293~298" text="stuff" id="P3" Type="Other"/>
<Product spans="339~344" text="laser" id="P4" Type="Other"/>
<Product spans="430~435" text="laser" id="P5" Type="Other"/>
</TAGS>
<META/>
</Amazon_Review>