<?xml version="1.0" encoding="UTF-8" ?>
<Amazon_Review>
<TEXT><![CDATA[Mendapause 12-Ingredient Menopause Supplement for Hot Flashes, Night Sweats, Mood Swings, Low Energy (60 Capsules)

Love this product and have recommended it to my friends.  I've been taking Mendapause for about a year now.  It has virtually eliminated my hot flashes and night sweats.  Ir has also leveled out my mood swings.  I can not be happier with the product.  I have a history of blood clots and a family history of breast cancer so I am relievedto have found an herbal supplement that works!
]]></TEXT>
<TAGS>
<Product spans="126~133" text="product" id="P1" Type="Itself"/>
<Favorable_outcome spans="143~171" text="recommended it to my friends" id="F0" Class="Other" Certainty="Positive"/>
<Product spans="191~201" text="Mendapause" id="P3" Type="Itself"/>
<Indicated_symptom spans="256~267" text="hot flashes" id="I0" Class="Other" Certainty="Positive"/>
<Indicated_symptom spans="272~284" text="night sweats" id="I1" Class="Other" Certainty="Positive"/>
<Favorable_outcome spans="232~284" text="virtually eliminated my hot flashes and night sweats" id="F1" Class="Other" Certainty="Positive"/>
<Product spans="225~227" text="It" id="P4" Type="Itself"/>
<Product spans="287~289" text="Ir" id="P5" Type="Itself"/>
<Indicated_symptom spans="314~325" text="mood swings" id="I2" Class="Other" Certainty="Positive"/>
<Favorable_outcome spans="299~325" text="leveled out my mood swings" id="F2" Class="Other" Certainty="Positive"/>
<Product spans="358~365" text="product" id="P6" Type="Itself"/>
<Favorable_outcome spans="328~365" text="I can not be happier with the product" id="F3" Class="Other" Certainty="Positive"/>
<Cancer_type spans="424~437" text="breast cancer" id="C0" Certainty="Hypothetical" Class="Human"/>
<Product spans="471~488" text="herbal supplement" id="P7" Type="Itself"/>
<Favorable_outcome spans="441~499" text="I am relievedto have found an herbal supplement that works" id="F4" Class="Other" Certainty="Positive"/>
<Favorable_outcome spans="116~133" text="Love this product" id="F5" Class="Cancer_related" Certainty="Positive"/>
<Indicated_symptom spans="388~399" text="blood clots" id="I3" Class="Other" Certainty="Positive"/>
<Product spans="0~45" text="Mendapause 12-Ingredient Menopause Supplement" id="P8" Type="Itself"/>
</TAGS>
<META/>
</Amazon_Review>