<?xml version="1.0" encoding="UTF-8" ?>
<Amazon_Review>
<TEXT><![CDATA[Menopause Veg Gluten Free - 60 - Tablet

a lot of breast cancers are estrogen based, (family history) I avoid estrogen, and soy products, and never knew hot flashes were so bad until mine kicked in, this has actually helped if i take it regullary  , now when i do have a hot flash  its more of a warm flash, they're rare,  and much more manageable
]]></TEXT>
<TAGS>
<Product spans="0~25" text="Menopause Veg Gluten Free" id="P0" Type="Itself"/>
<Cancer_type spans="50~64" text="breast cancers" id="C0" Certainty="Hypothetical" Class="Human"/>
<Indicated_symptom spans="153~164" text="hot flashes" id="I0" Class="Other" Certainty="Positive"/>
<Product spans="199~203" text="this" id="P2" Type="Itself"/>
<Product spans="234~236" text="it" id="P3" Type="Itself"/>
<Indicated_symptom spans="271~280" text="hot flash" id="I1" Class="Other" Certainty="Positive"/>
<Indicated_symptom spans="296~306" text="warm flash" id="I2" Class="Other" Certainty="Positive"/>
<Product spans="128~136" text="products" id="P4" Type="Other"/>
<Favorable_outcome spans="208~223" text="actually helped" id="F0" Class="Other" Certainty="Positive"/>
<Favorable_outcome spans="327~347" text="much more manageable" id="F1" Class="Other" Certainty="Positive"/>
</TAGS>
<META/>
</Amazon_Review>