<?xml version="1.0" encoding="UTF-8" ?>
<Amazon_Review>
<TEXT><![CDATA[Vitamin B17 500 Mg Tablets

i purchased this product for one of my relatives suffering from AML at late stage,and was expecting it will cure his cancer,actually it didn't cure his leukemia ,but stopped tumors growth under his arms ,i think B17 helps more for breast cancer,i am not a doctor
]]></TEXT>
<TAGS>
<Product spans="0~11" text="Vitamin B17" id="P0" Type="Itself"/>
<Product spans="19~26" text="Tablets" id="P1" Type="Itself"/>
<Product spans="45~52" text="product" id="P2" Type="Itself"/>
<Cancer_type spans="92~95" text="AML" id="C0" Certainty="Positive" Class="Human"/>
<Product spans="128~130" text="It" id="P3" Type="Itself"/>
<Cancer_type spans="145~151" text="cancer" id="C1" Certainty="Positive" Class="Human"/>
<Product spans="161~163" text="It" id="P4" Type="Itself"/>
<Cancer_type spans="180~188" text="leukemia" id="C2" Certainty="Positive" Class="Human"/>
<Cancer_type spans="202~208" text="tumors" id="C3" Certainty="Positive" Class="Human"/>
<Favorable_outcome spans="194~230" text="stopped tumors growth under his arms" id="F1" Class="Cancer_related" Certainty="Positive"/>
<Product spans="240~243" text="B17" id="P5" Type="Itself"/>
<Cancer_type spans="259~272" text="breast cancer" id="C4" Certainty="Hypothetical" Class="Human"/>
<Favorable_outcome spans="136~151" text="cure his cancer" id="F3" Class="Cancer_related" Certainty="Hypothetical"/>
<Harmful_outcome spans="164~188" text="didn't cure his leukemia" id="H0" Class="Cancer_related" Certainty="Positive"/>
<Favorable_outcome spans="244~272" text="helps more for breast cancer" id="F4" Class="Cancer_related" Certainty="Positive"/>
</TAGS>
<META/>
</Amazon_Review>