<?xml version="1.0" encoding="UTF-8" ?>
<Amazon_Review>
<TEXT><![CDATA[Green Pasture Blue Ice Fermented Cod Liver Oil - ORANGE Flavor - 120 Capsules

I have been taking this product for a little over 2 months. I had taken other brands of vitamin D previously, but this form (fermented) literally transformed my health, and the health of a friend who is undergoing cancer treatment. Immediately I noticed the following positive changes:* Improvement in pain reduction for muscular injury. I now take this supplement instead of Motrin for pain (muscle & bone). It has calmed my osteoarthritis pain considerably.* Better cognitive function (bye bye brain fog)& improved mood. I don't consider myself to be \
]]></TEXT>
<TAGS>
<Product spans="0~46" text="Green Pasture Blue Ice Fermented Cod Liver Oil" id="P0" Type="Itself"/>
<Product spans="103~110" text="product" id="P2" Type="Itself"/>
<Product spans="193~197" text="This" id="P3" Type="Itself"/>
<Cancer_type spans="293~299" text="cancer" id="C0" Certainty="Positive" Class="Human"/>
<Favorable_outcome spans="256~309" text="health of a friend who is undergoing cancer treatment" id="F1" Class="Cancer_related" Certainty="Positive"/>
<Indicated_symptom spans="381~415" text="pain reduction for muscular injury" id="I0" Class="Other" Certainty="Positive"/>
<Favorable_outcome spans="366~415" text="Improvement in pain reduction for muscular injury" id="F2" Class="Other" Certainty="Positive"/>
<Product spans="433~443" text="supplement" id="P4" Type="Itself"/>
<Indicated_symptom spans="466~486" text="pain (muscle &amp; bone)" id="I1" Class="Other" Certainty="Positive"/>
<Product spans="488~490" text="It" id="P5" Type="Itself"/>
<Favorable_outcome spans="587~600" text="improved mood" id="F5" Class="Other" Certainty="Positive"/>
<Product spans="167~176" text="vitamin D" id="P6" Type="Other"/>
<Favorable_outcome spans="225~246" text="transformed my health" id="F6" Class="Other" Certainty="Positive"/>
<Indicated_symptom spans="520~524" text="pain" id="I2" Class="Other" Certainty="Positive"/>
<Favorable_outcome spans="495~537" text="calmed my osteoarthritis pain considerably" id="F7" Class="Other" Certainty="Positive"/>
<Favorable_outcome spans="540~565" text="Better cognitive function" id="F8" Class="Other" Certainty="Positive"/>
<Favorable_outcome spans="567~584" text="bye bye brain fog" id="F9" Class="Other" Certainty="Positive"/>
</TAGS>
<META/>
</Amazon_Review>