<?xml version="1.0" encoding="UTF-8" ?>
<Amazon_Review>
<TEXT><![CDATA[Alba Botanica Garnet TerraTints SPF 15 Lip Balm, 0.15-Ounce Tubes (Pack of 3)

From the negative reviews it sound like people have gotten old product.  I used to manage a Nutrition Dept. in a Whole Foods Store and what they are describing with the smell and hard product is expired or rancid product.  It should be returned.  This is a great lip balm, I love that it colors like lipstick while giving me the SPF I want.  And when it is fresh it is as soft as any chapstick etc.  It is a waxy feel compared to some but that's ok with me as I've had skin cancer and the SPF is important to me. A tube does last a long time, I have 2 now that I know I've had for several years and they aren't rancid.  Just be careful who you buy it from and if it's bad make them take it back.  They can return it to Unpetroleum for credit if they are a legit vendor.
]]></TEXT>
<TAGS>
<Product spans="0~47" text="Alba Botanica Garnet TerraTints SPF 15 Lip Balm" id="P0" Type="Itself"/>
<Product spans="142~149" text="product" id="P1" Type="Itself"/>
<Product spans="302~304" text="It" id="P2" Type="Itself"/>
<Product spans="326~330" text="This" id="P3" Type="Itself"/>
<Favorable_outcome spans="336~350" text="great lip balm" id="F0" Class="Other" Certainty="Positive"/>
<Product spans="364~366" text="It" id="P4" Type="Itself"/>
<Product spans="430~432" text="It" id="P5" Type="Itself"/>
<Product spans="442~444" text="It" id="P6" Type="Itself"/>
<Product spans="479~481" text="It" id="P7" Type="Itself"/>
<Cancer_type spans="548~559" text="skin cancer" id="C0" Certainty="Positive" Class="Human"/>
<Product spans="594~598" text="tube" id="P8" Type="Itself"/>
<Favorable_outcome spans="599~620" text="does last a long time" id="F3" Class="Other" Certainty="Positive"/>
<Product spans="678~682" text="they" id="P9" Type="Itself"/>
<Product spans="727~729" text="It" id="P10" Type="Itself"/>
<Product spans="742~744" text="It" id="P11" Type="Itself"/>
<Product spans="766~768" text="It" id="P12" Type="Itself"/>
<Product spans="792~794" text="It" id="P13" Type="Itself"/>
<Product spans="263~270" text="product" id="P14" Type="Other"/>
<Product spans="292~299" text="product" id="P15" Type="Other"/>
<Favorable_outcome spans="394~418" text="giving me the SPF I want" id="F4" Class="Other" Certainty="Positive"/>
<Favorable_outcome spans="683~696" text="aren't rancid" id="F5" Class="Other" Certainty="Positive"/>
</TAGS>
<META/>
</Amazon_Review>