<?xml version="1.0" encoding="UTF-8" ?>
<Amazon_Review>
<TEXT><![CDATA[Vitamin B17 500 Mg Tablets

**I added an update below**  I feel it's imperative to give as much detail as possible in this review, because when I was on the hunt for alternative treatments to help my mom, not too many took the time to give details, and the few that did, I sure am thankful for.My mom was diagnosed with stage 4 colon cancer in Dec. 2012. The CT showed a 4 inch tumor in her colon and 3 spots on her liver. My mom is 100% pro-conventional medicine, and doesn't believe whatsoever in alternative medicine. I am total opposite. So please know, this isn't a mind over matter supplement.The oncologists felt radiation & surgery weren't options, and chemo was their only treatment. My mom, 52 at the time she was diagnosed, started chemo in mid Jan. of 2013. But before my mom started chemo, we started making her raw juice, 2 gallons a week of spinach, kale, chard, parsley, carrots, and apples. When she began chemo, it was a concoction of the 5-Flu chemo. She would go in everyother week on a Wed, she'd receive the chemo in a port and then wear a bag home until Friday. She did this for 4 months and had an allergic reaction and broke out in hives, so they switched her chemo to Oxilaplatin. She did this for nearly 4 months with the port, every other week and when her CT results showed the cancer grew slightly in the colon and liver, they then switched her to stivarga chemo pills. Before she started the stivarga, I purchased this product around October 2013.  I can tell you that before she started taking the b-17, she was feeling a little weak and low on energy. After taking the b-17, her energy improved and she told me numerous times that she feels normal & healthy and that she doesn't understand that she feels so good, but the results show something different. Her most recent CT scan on Dec. 30, 2013 showed that the tumor in the colon remained \
]]></TEXT>
<TAGS>
<Product spans="0~11" text="Vitamin B17" id="P0" Type="Itself"/>
<Cancer_type spans="403~421" text="spots on her liver" id="C2" Certainty="Positive" Class="Human"/>
<Cancer_type spans="378~396" text="tumor in her colon" id="C3" Certainty="Positive" Class="Human"/>
<Product spans="588~598" text="supplement" id="P3" Type="Itself"/>
<Cancer_type spans="1307~1313" text="cancer" id="C4" Certainty="Positive" Class="Human"/>
<Product spans="1450~1457" text="product" id="P4" Type="Itself"/>
<Product spans="1602~1606" text="b-17" id="P5" Type="Itself"/>
<Cancer_type spans="1846~1864" text="tumor in the colon" id="C5" Certainty="Positive" Class="Human"/>
<Cancer_type spans="328~340" text="colon cancer" id="C6" Certainty="Positive" Class="Human"/>
<Indicated_symptom spans="1314~1350" text="grew slightly in the colon and liver" id="I0" Class="Cancer_related" Certainty="Positive"/>
<Product spans="1530~1534" text="b-17" id="P6" Type="Itself"/>
<Indicated_symptom spans="1544~1565" text="feeling a little weak" id="I1" Class="Cancer_related" Certainty="Positive"/>
<Indicated_symptom spans="1570~1583" text="low on energy" id="I2" Class="Cancer_related" Certainty="Positive"/>
<Favorable_outcome spans="1668~1690" text="feels normal &amp; healthy" id="F3" Class="Cancer_related" Certainty="Positive"/>
<Favorable_outcome spans="1732~1745" text="feels so good" id="F4" Class="Cancer_related" Certainty="Positive"/>
<Favorable_outcome spans="1612~1627" text="energy improved" id="F5" Class="Cancer_related" Certainty="Positive"/>
</TAGS>
<META/>
</Amazon_Review>