<?xml version="1.0" encoding="UTF-8" ?>
<Amazon_Review>
<TEXT><![CDATA[BulkSupplements Pure L-Lysine HCL Powder (250 grams)

Lysine is very important if you have virus related illness or cancer. Lysine vitamin C and similar to tannic acid can work to rid cancer off. I take quite of high dosage of lysine. As I read it helps with heavy metal detox. and very very important amino acid. essential amino acid.
]]></TEXT>
<TAGS>
<Product spans="0~40" text="BulkSupplements Pure L-Lysine HCL Powder" id="P0" Type="Itself"/>
<Product spans="54~60" text="Lysine" id="P1" Type="Itself"/>
<Cancer_type spans="116~122" text="cancer" id="C0" Certainty="Hypothetical" Class="Human"/>
<Cancer_type spans="184~190" text="cancer" id="C1" Certainty="Hypothetical" Class="Human"/>
<Favorable_outcome spans="168~194" text="can work to rid cancer off" id="F0" Class="Cancer_related" Certainty="Hypothetical"/>
<Product spans="227~233" text="Lysine" id="P3" Type="Itself"/>
<Product spans="245~247" text="It" id="P4" Type="Itself"/>
<Favorable_outcome spans="248~276" text="helps with heavy metal detox" id="F1" Class="Other" Certainty="Hypothetical"/>
<Indicated_symptom spans="91~112" text="virus related illness" id="I0" Class="Other" Certainty="Hypothetical"/>
<Product spans="124~140" text="Lysine vitamin C" id="P5" Type="Itself"/>
</TAGS>
<META/>
</Amazon_Review>