<?xml version="1.0" encoding="UTF-8" ?>
<Amazon_Review>
<TEXT><![CDATA[Y.S. Organic Royal Jelly - with Bee Pollen,Propolis Korean Ginseng &amp; Eleuther - 11.5 oz

I have a serious acid reflux problem. I have tried so many different medications and home remedies, but none of them worked. A couple months ago my mother's friend recommended this product for my mother. She has problems with her throat after she had a thyroid cancer surgery. She and I call this product \
]]></TEXT>
<TAGS>
<Indicated_symptom spans="110~121" text="acid reflux" id="I0" Class="Cancer_related" Certainty="Positive"/>
<Product spans="274~281" text="product" id="P1" Type="Itself"/>
<Indicated_symptom spans="305~329" text="problems with her throat" id="I1" Class="Cancer_related" Certainty="Positive"/>
<Cancer_type spans="346~360" text="thyroid cancer" id="C0" Certainty="Positive" Class="Human"/>
<Product spans="390~397" text="product" id="P2" Type="Itself"/>
<Product spans="0~24" text="Y.S. Organic Royal Jelly" id="P3" Type="Itself"/>
</TAGS>
<META/>
</Amazon_Review>