<?xml version="1.0" encoding="UTF-8" ?>
<Amazon_Review>
<TEXT><![CDATA[30+ Times Strong! Aztec Nopal Extract Concentrate Juice (Compare Nopalea, Nopalito, Prickly Pears Cactus, Aloe Vera Juice) 1 Bottle Last 1~3 Months Depending on Your Current Health

IN MAY OF 2013 I WAS DIAGNOSED WITH COLORECTAL CANCER STAGE 3. THEY PERFORMED SURGERY TO REMOVE THE CANCEROUS TUMOR.  MY ONCOLOGIST RECOMMENDED THAT I FOLLOW UP WITH CHEMO AND RADIATION THERAPIES. I ELECTED NEITHER DUE TO THE VAST NEGATIVE RESULTS THAT ARE REPORTED IN THE LITERATURE.  WE HEARD OF THE AZTEC NOPAL JUICE BY WORD -OF=MOUTH. I TRIED IT AND THE RESULTS HAVE BEEN AMAZING. I FEEL STRONGER ANDWITH MORE VIBRANCY. I FEEL MORE POSITIVE ENERGY AND MORE MYSELF AGAIN. I ATTRIBUTE MY IMPROVEMENT A LOTTO YOUR NOPAL JUICE BECAUSE I BEGAN TO FEEL MUCH BETTER AFTER TAKING IT AND TO THIS DAY I CONTINUE TO DOSO. I BELIEVE THAT THIS PRODUCT DOES HAVE A VERY POSITIVE EFFECT ON REMOVING CANCER FROM THE CELLS ANDOUT OF THE BODY. I AM INDEED GRATEFUL TO THE ENERGY AND SPIRIT OF YOUR PRODUCT AND ITS ANCIENT HEALINJG PROPERTIES. THANK YOU SO MUCH AND I WOULD DEFINITELY RECOMMEND THE AZTEC NOPAL JUICE EXTRACT FOR ITS HEALTHFULNESS.  SINCERELY, ALICIA R. HERNANDEZ
]]></TEXT>
<TAGS>
<Product spans="18~55" text="Aztec Nopal Extract Concentrate Juice" id="P0" Type="Itself"/>
<Cancer_type spans="282~297" text="CANCEROUS TUMOR" id="C1" Certainty="Positive" Class="Human"/>
<Product spans="484~501" text="AZTEC NOPAL JUICE" id="P1" Type="Itself"/>
<Product spans="529~531" text="It" id="P2" Type="Itself"/>
<Favorable_outcome spans="536~565" text="THE RESULTS HAVE BEEN AMAZING" id="F0" Class="Cancer_related" Certainty="Positive"/>
<Product spans="697~708" text="NOPAL JUICE" id="P3" Type="Itself"/>
<Product spans="758~760" text="It" id="P4" Type="Itself"/>
<Product spans="817~824" text="product" id="P5" Type="Itself"/>
<Cancer_type spans="870~876" text="cancer" id="C2" Certainty="Hypothetical" Class="Human"/>
<Product spans="966~973" text="product" id="P6" Type="Itself"/>
<Product spans="1066~1083" text="AZTEC NOPAL JUICE" id="P7" Type="Itself"/>
<Cancer_type spans="218~235" text="COLORECTAL CANCER" id="C3" Certainty="Positive" Class="Human"/>
<Favorable_outcome spans="569~604" text="FEEL STRONGER ANDWITH MORE VIBRANCY" id="F5" Class="Cancer_related" Certainty="Positive"/>
<Favorable_outcome spans="608~655" text="FEEL MORE POSITIVE ENERGY AND MORE MYSELF AGAIN" id="F6" Class="Cancer_related" Certainty="Positive"/>
<Favorable_outcome spans="728~744" text="FEEL MUCH BETTER" id="F7" Class="Cancer_related" Certainty="Positive"/>
<Favorable_outcome spans="842~910" text="POSITIVE EFFECT ON REMOVING CANCER FROM THE CELLS ANDOUT OF THE BODY" id="F8" Class="Cancer_related" Certainty="Positive"/>
<Favorable_outcome spans="1041~1113" text="DEFINITELY RECOMMEND THE AZTEC NOPAL JUICE EXTRACT FOR ITS HEALTHFULNESS" id="F9" Class="Cancer_related" Certainty="Positive"/>
</TAGS>
<META/>
</Amazon_Review>