<?xml version="1.0" encoding="UTF-8" ?>
<Amazon_Review>
<TEXT><![CDATA[NOW Foods Bromelain 2400Gdu/500mg, 120 Vcaps

I have ovarian cancer, stage III C and lost part of my colon, part of my bladder and part of my intestines.  I had problems with constipation after my surgery and nothing worked.  I even took prescriptions and they had no effect (no surprise).  A friend who also had ovarian cancer suggested Bromelain.  WOW!!  I had relief within about a day and a half!  I have recommended Bromelain to other people and they have all come back telling me thank you it worked.  Also, the NOW Foods brand is one I have come to trust.
]]></TEXT>
<TAGS>
<Product spans="0~19" text="NOW Foods Bromelain" id="P0" Type="Itself"/>
<Cancer_type spans="53~67" text="ovarian cancer" id="C0" Certainty="Positive" Class="Human"/>
<Indicated_symptom spans="175~187" text="constipation" id="I0" Class="Cancer_related" Certainty="Positive"/>
<Cancer_type spans="313~327" text="ovarian cancer" id="C2" Certainty="Positive" Class="Human"/>
<Product spans="338~347" text="Bromelain" id="P1" Type="Itself"/>
<Product spans="421~430" text="Bromelain" id="P2" Type="Itself"/>
<Product spans="496~498" text="It" id="P3" Type="Itself"/>
<Indicated_symptom spans="85~152" text="lost part of my colon, part of my bladder and part of my intestines" id="I1" Class="Cancer_related" Certainty="Positive"/>
<Favorable_outcome spans="359~369" text="had relief" id="F2" Class="Cancer_related" Certainty="Positive"/>
<Favorable_outcome spans="499~505" text="worked" id="F3" Class="Cancer_related" Certainty="Positive"/>
</TAGS>
<META/>
</Amazon_Review>