<?xml version="1.0" encoding="UTF-8" ?>
<Amazon_Review>
<TEXT><![CDATA[Vegan Proteins+ Vanilla - 780g - Powder

The doctor told me to drink vegetable protein shakes to help me build some muscle after losing it to cancer....note: &#34;vegetable not meat protein&#34;.  I also was looking for a vegetable protein powder which had no sugar.....sugar is bad for cancer (well it's good for the cancer, but bad for us.)  This one uses Stevia rather than any type of sugar.  I first tried one powder which was made from peas......did not like the flavor.  I then chose Vegan Proteins because it had other ingredients which sounded appealing.  I was happier with the flavor.  I do add a couple strawberries to the shake, but I still say it tastes OK.  The only thing I didn't like is that it is gritty.....but I believe that all vegetable protein powders are gritty.  I did purchase a third powder which claimed to be the least gritty, but I didn't like it's taste.  So I'm sticking with Vegan Proteins and I'm just taking smaller sips so I don't choke because of the grit.
]]></TEXT>
<TAGS>
<Cancer_type spans="142~148" text="cancer" id="C0" Certainty="Positive" Class="Human"/>
<Cancer_type spans="287~293" text="cancer" id="C1" Certainty="Hypothetical" Class="Human"/>
<Cancer_type spans="318~324" text="cancer" id="C2" Certainty="Hypothetical" Class="Human"/>
<Product spans="491~505" text="Vegan Proteins+" id="P2" Type="Itself"/>
<Product spans="514~516" text="It" id="P3" Type="Itself"/>
<Product spans="658~660" text="It" id="P4" Type="Itself"/>
<Product spans="710~712" text="It" id="P5" Type="Itself"/>
<Product spans="0~14" text="Vegan Proteins" id="P7" Type="Itself"/>
<Product spans="344~352" text="This one" id="P8" Type="Itself"/>
<Favorable_outcome spans="571~594" text="happier with the flavor" id="F4" Class="Other" Certainty="Positive"/>
<Product spans="750~775" text="vegetable protein powders" id="P9" Type="Other"/>
<Product spans="812~818" text="powder" id="P10" Type="Other"/>
<Product spans="875~877" text="it" id="P11" Type="Other"/>
<Product spans="909~923" text="Vegan Proteins" id="P12" Type="Itself"/>
<Product spans="411~421" text="one powder" id="P13" Type="Other"/>
</TAGS>
<META/>
</Amazon_Review>