<?xml version="1.0" encoding="UTF-8" ?>
<Amazon_Review>
<TEXT><![CDATA[NOW Foods Selenium 200 mcg VCaps, 180 ct

Selenium is an essential mineral proven to reduce likelihood of certain cancers, including esophageal.  NOW supplements have shown good quality in my opinion.
]]></TEXT>
<TAGS>
<Product spans="0~18" text="NOW Foods Selenium" id="P0" Type="Itself"/>
<Product spans="42~50" text="Selenium" id="P1" Type="Itself"/>
<Cancer_type spans="114~121" text="cancers" id="C0" Certainty="Hypothetical" Class="Human"/>
<Cancer_type spans="133~143" text="esophageal" id="C1" Certainty="Hypothetical" Class="Human"/>
<Product spans="27~32" text="VCaps" id="P2" Type="Itself"/>
<Favorable_outcome spans="85~121" text="reduce likelihood of certain cancers" id="F0" Class="Cancer_related" Certainty="Hypothetical"/>
<Product spans="146~161" text="NOW supplements" id="P3" Type="Itself"/>
<Favorable_outcome spans="167~199" text="shown good quality in my opinion" id="F1" Class="Other" Certainty="Positive"/>
</TAGS>
<META/>
</Amazon_Review>