<?xml version="1.0" encoding="UTF-8" ?>
<Amazon_Review>
<TEXT><![CDATA[Green Foods Matcha Green Tea, 5.5 Ounce

Received item in a reasonable time.  Product itself is very tasty if you like green tea.  THIS TEA really is GREEN TEA!  (Make some and you will understand.)  I have a WBC Lymphoma and since this tea is extremely high in antioxidants figured it couldn't hurt anything.  This tea does not dissolve fully instead it is more of a suspension however the flavor is great and I will definitely order it again.
]]></TEXT>
<TAGS>
<Product spans="0~28" text="Green Foods Matcha Green Tea" id="P0" Type="Itself"/>
<Product spans="50~54" text="item" id="P1" Type="Itself"/>
<Product spans="78~85" text="product" id="P2" Type="Itself"/>
<Product spans="136~139" text="TEA" id="P3" Type="Itself"/>
<Cancer_type spans="209~221" text="WBC Lymphoma" id="C0" Certainty="Positive" Class="Human"/>
<Product spans="237~240" text="TEA" id="P4" Type="Itself"/>
<Product spans="316~319" text="TEA" id="P5" Type="Itself"/>
<Product spans="352~354" text="It" id="P6" Type="Itself"/>
<Favorable_outcome spans="391~406" text="flavor is great" id="F2" Class="Other" Certainty="Positive"/>
<Product spans="435~437" text="It" id="P7" Type="Itself"/>
<Favorable_outcome spans="96~106" text="very tasty" id="F3" Class="Other" Certainty="Positive"/>
<Product spans="119~128" text="green tea" id="P8" Type="Itself"/>
<Product spans="150~159" text="GREEN TEA" id="P9" Type="Itself"/>
<Favorable_outcome spans="244~274" text="extremely high in antioxidants" id="F4" Class="Cancer_related" Certainty="Hypothetical"/>
<Product spans="283~285" text="it" id="P10" Type="Itself"/>
<Favorable_outcome spans="286~308" text="couldn't hurt anything" id="F5" Class="Other" Certainty="Hypothetical"/>
<Favorable_outcome spans="418~443" text="definitely order it again" id="F6" Class="Other" Certainty="Positive"/>
</TAGS>
<META/>
</Amazon_Review>