<?xml version="1.0" encoding="UTF-8" ?>
<Amazon_Review>
<TEXT><![CDATA[Waterpik Water Flosser

I had a WaterPik when, as an adult, I found myself with a mouth full of braces.  It was a Godsend!  All these years later I decided I needed another one, and I'm so pleased to have it!  This water flosser is a fabulous addition to brushing and flossing as it blasts out debris from beneath bridges and in between teeth that sometimes get missed with traditional flossing.  With all of the latest research on dental hygiene and cancer, longevity and overall health, this is a 'power tool' I won't be without.I opted for the \
]]></TEXT>
<TAGS>
<Product spans="0~22" text="Waterpik Water Flosser" id="P0" Type="Itself"/>
<Product spans="32~40" text="WaterPik" id="P1" Type="Itself"/>
<Product spans="105~107" text="It" id="P2" Type="Itself"/>
<Product spans="205~207" text="It" id="P3" Type="Itself"/>
<Product spans="215~228" text="water flosser" id="P4" Type="Itself"/>
<Product spans="280~282" text="It" id="P5" Type="Itself"/>
<Favorable_outcome spans="283~394" text="blasts out debris from beneath bridges and in between teeth that sometimes get missed with traditional flossing" id="F0" Class="Other" Certainty="Positive"/>
<Cancer_type spans="451~457" text="cancer" id="C0" Certainty="Hypothetical" Class="Human"/>
<Product spans="489~493" text="This" id="P6" Type="Itself"/>
<Favorable_outcome spans="234~276" text="fabulous addition to brushing and flossing" id="F1" Class="Other" Certainty="Positive"/>
<Favorable_outcome spans="499~530" text="'power tool' I won't be without" id="F2" Class="Other" Certainty="Positive"/>
<Indicated_symptom spans="82~102" text="mouth full of braces" id="I0" Class="Other" Certainty="Positive"/>
</TAGS>
<META/>
</Amazon_Review>