<?xml version="1.0" encoding="UTF-8" ?>
<Amazon_Review>
<TEXT><![CDATA[Fresh-frozen Aroniaberries (Chokeberry), 32 Oz. Package

These ship cold/frozen, I've never had a problem with shipping. I started purchasing these when I read about their extremely high antioxidant level (my Mom has had breast cancer x 2, colon cancer x 1, her Mother died of lung cancer, I'm at super high cancer risk). I'm always looking for foods that are high in antioxidants to (hopefully) keep all of my cancer cells turned &#34;off.&#34;I honestly have no idea what these taste like by themselves, lol. I started adding them to my daily smoothies about 1 year ago, and all they did was make the smoothie a *touch* sweeter and quite a bit more purple-colored. I add in about 1/4 of a cup to my smoothie every morning. My advice? If you think they have a bad taste, a smoothie is a great way to mask it. I put several things in my smoothies that I would never just pick up and eat by themselves (Kale, Spinach, Chia seeds, Celery, etc). But all combined together with organic frozen mixed berries, aronia berries, plain low-fat yogurt, OJ, and water/ice and YUMZO. Good to go. :)I would recommend these to anyone, and this seller has always been great in my opinion.
]]></TEXT>
<TAGS>
<Product spans="28~38" text="Chokeberry" id="P0" Type="Itself"/>
<Product spans="0~26" text="Fresh-frozen Aroniaberries" id="P1" Type="Itself"/>
<Product spans="142~147" text="these" id="P2" Type="Itself"/>
<Cancer_type spans="221~234" text="breast cancer" id="C0" Certainty="Positive" Class="Human"/>
<Cancer_type spans="240~252" text="colon cancer" id="C1" Certainty="Positive" Class="Human"/>
<Cancer_type spans="277~288" text="lung cancer" id="C2" Certainty="Positive" Class="Human"/>
<Cancer_type spans="308~314" text="cancer" id="C3" Certainty="Hypothetical" Class="Human"/>
<Cancer_type spans="411~417" text="cancer" id="C4" Certainty="Hypothetical" Class="Human"/>
<Product spans="474~479" text="these" id="P3" Type="Itself"/>
<Product spans="528~532" text="them" id="P4" Type="Itself"/>
<Product spans="581~585" text="they" id="P5" Type="Itself"/>
<Product spans="682~694" text="1/4 of a cup" id="P6" Type="Itself"/>
<Product spans="749~753" text="they" id="P7" Type="Itself"/>
<Product spans="1103~1108" text="these" id="P8" Type="Itself"/>
<Product spans="57~62" text="These" id="P9" Type="Itself"/>
<Favorable_outcome spans="172~204" text="extremely high antioxidant level" id="F0" Class="Cancer_related" Certainty="Hypothetical"/>
<Product spans="494~504" text="themselves" id="P10" Type="Itself"/>
<Favorable_outcome spans="594~665" text="make the smoothie a *touch* sweeter and quite a bit more purple-colored" id="F1" Class="Other" Certainty="Positive"/>
<Product spans="890~900" text="themselves" id="P11" Type="Itself"/>
<Product spans="974~1002" text="organic frozen mixed berries" id="P12" Type="Other"/>
<Product spans="1004~1018" text="aronia berries" id="P13" Type="Other"/>
<Product spans="1020~1040" text="plain low-fat yogurt" id="P14" Type="Other"/>
<Product spans="1042~1044" text="OJ" id="P15" Type="Other"/>
<Product spans="1064~1069" text="YUMZO" id="P16" Type="Other"/>
<Favorable_outcome spans="1087~1118" text="would recommend these to anyone" id="F2" Class="Other" Certainty="Positive"/>
<Favorable_outcome spans="1129~1157" text="seller has always been great" id="F3" Class="Other" Certainty="Positive"/>
</TAGS>
<META/>
</Amazon_Review>