<?xml version="1.0" encoding="UTF-8" ?>
<Amazon_Review>
<TEXT><![CDATA[Beta-1 3-d glucan 500mg 60 caps

I have been taking transfer point 500 mg  beta glucan for 2 1/2 years.  I started taking it after going thru chemo for stage 3 breast cancer. I didn't know about it while taking the chemo, or i would have taken it sooner. I stayed healthy when my whole family went through the flu, even though I was the one who had just went thru chemo, and should have had a low immune system. I credited it to taking the beta glucan. Wish I could afford it for the whole family.  I tried a different brand thinking it would be as good. It was also pricey but not quite as expensive as transfer point. I was only taking the other brand for a month and came down with a bad cold, so needless to say I went back to this brand and have had no problems since.  I will take it for life to ward off my cancer from returning, and keep my immune system strong.
]]></TEXT>
<TAGS>
<Product spans="0~17" text="Beta-1 3-d glucan" id="P0" Type="Itself"/>
<Product spans="75~86" text="beta glucan" id="P1" Type="Itself"/>
<Product spans="122~124" text="It" id="P2" Type="Itself"/>
<Product spans="195~197" text="It" id="P3" Type="Itself"/>
<Product spans="244~246" text="It" id="P4" Type="Itself"/>
<Product spans="440~451" text="beta glucan" id="P5" Type="Itself"/>
<Product spans="473~475" text="It" id="P6" Type="Itself"/>
<Product spans="787~789" text="It" id="P8" Type="Itself"/>
<Cancer_type spans="814~820" text="cancer" id="C1" Certainty="Hypothetical" Class="Human"/>
<Indicated_symptom spans="849~869" text="immune system strong" id="I0" Class="Cancer_related" Certainty="Positive"/>
<Favorable_outcome spans="841~869" text="keep my immune system strong" id="F2" Class="Cancer_related" Certainty="Hypothetical"/>
<Cancer_type spans="160~173" text="breast cancer" id="C2" Certainty="Positive" Class="Human"/>
<Favorable_outcome spans="257~271" text="stayed healthy" id="F3" Class="Cancer_related" Certainty="Positive"/>
<Indicated_symptom spans="310~313" text="flu" id="I1" Class="Cancer_related" Certainty="Positive"/>
<Product spans="555~557" text="It" id="P9" Type="Itself"/>
<Favorable_outcome spans="746~772" text="have had no problems since" id="F4" Class="Cancer_related" Certainty="Positive"/>
<Favorable_outcome spans="799~835" text="to ward off my cancer from returning" id="F5" Class="Cancer_related" Certainty="Hypothetical"/>
<Product spans="534~536" text="it" id="P10" Type="Other"/>
</TAGS>
<META/>
</Amazon_Review>