<?xml version="1.0" encoding="UTF-8" ?>
<Amazon_Review>
<TEXT><![CDATA[s Best Organic Shampoo and Body Wash Lavender -- 8.5 fl oz", 

I have shopped all around.  This appears to be the cheapest priced one here on Amazon.com.  With organic brands, you avoid all the cancer causing ingredients found in J&J and other leading brands.  With a new born baby, I didn't want to take a chance.  My only complaint is the cap, which breaks easily. I would prefer a pump instead, but the workaround is....you just need to flip the bottom upside down and shake it a bit, before squeezing..
]]></TEXT>
<TAGS>
<Product spans="2~45" text="Best Organic Shampoo and Body Wash Lavender" id="P0" Type="Itself"/>
<Product spans="91~95" text="This" id="P1" Type="Itself"/>
<Cancer_type spans="194~200" text="cancer" id="C0" Certainty="Hypothetical" Class="Human"/>
<Product spans="478~480" text="it" id="P2" Type="Itself"/>
</TAGS>
<META/>
</Amazon_Review>