<?xml version="1.0" encoding="UTF-8" ?>
<Amazon_Review>
<TEXT><![CDATA[Absonutrix Fucoidan Pure-brown seaweed extract laminaria Japonica cell immunity

There are many reasons to buy this product, although I do not know how the various brands of fucoidan differ in quality.  The current price on this item is outstanding, and the company seems to make many interesting products that one cannot find anywhere else.I bought this product as it is known to enhance the effectiveness of my chemotherapy drug--paclitaxel.  I can only say that my cancer doctor noted \
]]></TEXT>
<TAGS>
<Product spans="116~123" text="product" id="P1" Type="Itself"/>
<Product spans="229~233" text="item" id="P2" Type="Itself"/>
<Product spans="355~362" text="product" id="P3" Type="Itself"/>
<Product spans="366~368" text="It" id="P4" Type="Itself"/>
<Cancer_type spans="468~474" text="cancer" id="C0" Certainty="Negative" Class="Human"/>
<Product spans="174~182" text="fucoidan" id="P5" Type="Itself"/>
<Product spans="297~305" text="products" id="P6" Type="Other"/>
<Favorable_outcome spans="381~430" text="enhance the effectiveness of my chemotherapy drug" id="F0" Class="Cancer_related" Certainty="Positive"/>
<Product spans="0~46" text="Absonutrix Fucoidan Pure-brown seaweed extract" id="P7" Type="Itself"/>
</TAGS>
<META/>
</Amazon_Review>