<?xml version="1.0" encoding="UTF-8" ?>
<Amazon_Review>
<TEXT><![CDATA[Sundown Saw Palmetto, 450 mg, 250 Capsules

So far there is little scientific evidence that saw palmetto actually helps with male prostate problems.  In my experience it was totally ineffective in preventing either BPH or prostate cancer.  Check with a urologist--most are skeptical, too.  Basically saw palmetto has the same effect as a low-grade, weak estrogen dose.
]]></TEXT>
<TAGS>
<Product spans="0~20" text="Sundown Saw Palmetto" id="P0" Type="Itself"/>
<Product spans="167~169" text="It" id="P2" Type="Itself"/>
<Cancer_type spans="222~237" text="prostate cancer" id="C0" Certainty="Positive" Class="Human"/>
<Product spans="92~104" text="saw palmetto" id="P4" Type="Itself"/>
<Favorable_outcome spans="114~147" text="helps with male prostate problems" id="F0" Class="Cancer_related" Certainty="Positive"/>
<Product spans="300~312" text="saw palmetto" id="P5" Type="Itself"/>
<Favorable_outcome spans="313~367" text="has the same effect as a low-grade, weak estrogen dose" id="F1" Class="Cancer_related" Certainty="Positive"/>
<Indicated_symptom spans="215~218" text="BPH" id="I1" Class="Cancer_related" Certainty="Positive"/>
<Indicated_symptom spans="222~237" text="prostate cancer" id="I2" Class="Cancer_related" Certainty="Positive"/>
<Harmful_outcome spans="174~237" text="totally ineffective in preventing either BPH or prostate cancer" id="H0" Class="Cancer_related" Certainty="Positive"/>
</TAGS>
<META/>
</Amazon_Review>