<?xml version="1.0" encoding="UTF-8" ?>
<Amazon_Review>
<TEXT><![CDATA[s Way Alive! Max Potency Multi-Vitamin, 180 Tablets", 

Recently changed the formula and now includes synthetic form of Vitamin E (dL-tocopherols) which research has founded causes many forms of cancer in humans. Why this product changed FROM the FORMERLY NATURAL form of Vitamin E to something that kills -- while STILL erroneously labels itself as a 'natural' vitamin is reason enough to lose confidence in this product. I'm now looking for a safe, truly NATURAL vitamin supplement. They didn't HAVE to change the formula from a successful, beneficial one to one that compromises their customer's health -- but they DID! Please write to complain on their consumer line to tell them you want them to change it BACK --- How you spend your money and preserve your health matters!
]]></TEXT>
<TAGS>
<Product spans="13~38" text="Max Potency Multi-Vitamin" id="P0" Type="Itself"/>
<Product spans="44~51" text="Tablets" id="P1" Type="Itself"/>
<Cancer_type spans="195~201" text="cancer" id="C0" Certainty="Hypothetical" Class="Human"/>
<Product spans="222~229" text="product" id="P2" Type="Itself"/>
<Product spans="414~421" text="product" id="P3" Type="Itself"/>
<Product spans="473~483" text="supplement" id="P4" Type="Itself"/>
<Harmful_outcome spans="230~305" text="changed FROM the FORMERLY NATURAL form of Vitamin E to something that kills" id="H0" Class="Cancer_related" Certainty="Positive"/>
<Harmful_outcome spans="315~405" text="STILL erroneously labels itself as a 'natural' vitamin is reason enough to lose confidence" id="H1" Class="Cancer_related" Certainty="Positive"/>
<Product spans="708~710" text="it" id="P5" Type="Itself"/>
<Harmful_outcome spans="720~777" text="How you spend your money and preserve your health matters" id="H2" Class="Cancer_related" Certainty="Positive"/>
</TAGS>
<META/>
</Amazon_Review>