<?xml version="1.0" encoding="UTF-8" ?>
<Amazon_Review>
<TEXT><![CDATA[Solaray - Asparagus, 175 mg, 60 veggie caps

good product My husband takes it regularly for his cancer,which seems to be in remission using the Jason Winters program!!!!
]]></TEXT>
<TAGS>
<Product spans="0~19" text="Solaray - Asparagus" id="P0" Type="Itself"/>
<Product spans="50~57" text="product" id="P1" Type="Itself"/>
<Product spans="75~77" text="It" id="P2" Type="Itself"/>
<Cancer_type spans="96~102" text="cancer" id="C0" Certainty="Positive" Class="Human"/>
<Favorable_outcome spans="45~57" text="good product" id="F0" Class="Other" Certainty="Positive"/>
<Favorable_outcome spans="109~133" text="seems to be in remission" id="F1" Class="Cancer_related" Certainty="Positive"/>
</TAGS>
<META/>
</Amazon_Review>