<?xml version="1.0" encoding="UTF-8" ?>
<Amazon_Review>
<TEXT><![CDATA[Nutrigold Resveratrol Gold (Resvinol + Grape Polyphenols), 500 mg, 120 veg. capsules

I am a breast cancer survivor of almost 12 years now.  My BC is estrogen positive, so I gave up drinking wine, due to the alleged connection with increased estrogen production and breast cancer.  This product gives me the benefits of the good characteristics contained in fine red wine to boost my cardiovascular health, which needs all the help it can get with all the chemotherapy damage done over the years, without the alcohol content.  I will provide additional reviews as I take this particular brand, but so far I can give it a good reference as a digestive supplement.  I'm hanging in there tough and will purchase other Nutrigold products today to help me with my liver health, as I have been referred to this vendor as being one of good quality and integrity of product.  I can offer no clinical proof of the actual benefit without providing medical test results, but I'm feeling better and hope a good diet with good supplements has enhanced my chances for continued survivorship.
]]></TEXT>
<TAGS>
<Product spans="0~26" text="Nutrigold Resveratrol Gold" id="P0" Type="Itself"/>
<Product spans="28~56" text="Resvinol + Grape Polyphenols" id="P1" Type="Itself"/>
<Cancer_type spans="93~106" text="breast cancer" id="C0" Certainty="Positive" Class="Human"/>
<Cancer_type spans="144~146" text="BC" id="C1" Certainty="Positive" Class="Human"/>
<Cancer_type spans="266~279" text="breast cancer" id="C2" Certainty="Positive" Class="Human"/>
<Product spans="287~294" text="product" id="P2" Type="Itself"/>
<Product spans="616~618" text="It" id="P3" Type="Itself"/>
<Product spans="651~661" text="supplement" id="P4" Type="Itself"/>
<Favorable_outcome spans="621~661" text="good reference as a digestive supplement" id="F0" Class="Other" Certainty="Positive"/>
<Indicated_symptom spans="150~167" text="estrogen positive" id="I1" Class="Cancer_related" Certainty="Positive"/>
<Indicated_symptom spans="232~250" text="increased estrogen" id="I2" Class="Cancer_related" Certainty="Positive"/>
<Favorable_outcome spans="375~405" text="boost my cardiovascular health" id="F2" Class="Cancer_related" Certainty="Positive"/>
<Product spans="571~575" text="this" id="P5" Type="Itself"/>
<Product spans="715~733" text="Nutrigold products" id="P6" Type="Itself"/>
<Favorable_outcome spans="743~771" text="help me with my liver health" id="F3" Class="Cancer_related" Certainty="Positive"/>
<Favorable_outcome spans="815~854" text="being one of good quality and integrity" id="F4" Class="Cancer_related" Certainty="Positive"/>
<Product spans="858~865" text="product" id="P7" Type="Itself"/>
<Product spans="1014~1025" text="supplements" id="P8" Type="Other"/>
<Favorable_outcome spans="968~982" text="feeling better" id="F5" Class="Cancer_related" Certainty="Positive"/>
<Favorable_outcome spans="1030~1076" text="enhanced my chances for continued survivorship" id="F6" Class="Cancer_related" Certainty="Positive"/>
</TAGS>
<META/>
</Amazon_Review>