<?xml version="1.0" encoding="UTF-8" ?>
<Amazon_Review>
<TEXT><![CDATA[Cellfood Liquid Concentrate, 1-Ounce Bottle pack of 3

Does what it claims. More energy, clearer thinking. It has been shown all cancer is due to anaerobic activity within the cells. This product is specifically designed to provide the highest oxygen levels to the cells. My red blood count and hemoglobin levels used to be very low, and after taking this product for only 1 month they were above average and in the normal range. Can't recommend this product enough.
]]></TEXT>
<TAGS>
<Product spans="0~27" text="Cellfood Liquid Concentrate" id="P0" Type="Itself"/>
<Product spans="65~67" text="It" id="P1" Type="Itself"/>
<Cancer_type spans="129~135" text="cancer" id="C0" Certainty="Hypothetical" Class="Human"/>
<Product spans="188~195" text="product" id="P2" Type="Itself"/>
<Product spans="356~363" text="product" id="P3" Type="Itself"/>
<Indicated_symptom spans="275~332" text="red blood count and hemoglobin levels used to be very low" id="I0" Class="Other" Certainty="Positive"/>
<Product spans="451~458" text="product" id="P4" Type="Itself"/>
<Favorable_outcome spans="55~74" text="Does what it claims" id="F2" Class="Other" Certainty="Positive"/>
<Favorable_outcome spans="76~87" text="More energy" id="F3" Class="Cancer_related" Certainty="Positive"/>
<Favorable_outcome spans="89~105" text="clearer thinking" id="F4" Class="Cancer_related" Certainty="Positive"/>
<Favorable_outcome spans="224~270" text="provide the highest oxygen levels to the cells" id="F5" Class="Cancer_related" Certainty="Hypothetical"/>
<Favorable_outcome spans="391~428" text="above average and in the normal range" id="F6" Class="Cancer_related" Certainty="Positive"/>
<Favorable_outcome spans="430~465" text="Can't recommend this product enough" id="F7" Class="Cancer_related" Certainty="Positive"/>
</TAGS>
<META/>
</Amazon_Review>