<?xml version="1.0" encoding="UTF-8" ?>
<Amazon_Review>
<TEXT><![CDATA[ThermaCell Rechargeable Heated Insole

i have neuropathy from sciatic nerve damage caused during colon cancer surgery. i work in a hospital and soon as i walk in my toes are cold. the constant cold air circulating makes it almost unbearable for me to stay at work. saw this on the Doctor's talk show. the price was $30 cheaper than advertised on the show and other sites. wearing them has made my life at work very manageable. it doesn't take much time in the medium setting to warm my toes. then i turn it to the no heat setting until needed again. they are not the most comfortable insoles, so i  keep another pair of shoes on had to change into. i would recommend these, if you suffer the same nerve damage as me. it beats a $30/mo copay for lyrica and the side effects the drug can cause.
]]></TEXT>
<TAGS>
<Product spans="0~37" text="ThermaCell Rechargeable Heated Insole" id="P0" Type="Itself"/>
<Cancer_type spans="97~109" text="colon cancer" id="C0" Certainty="Positive" Class="Human"/>
<Product spans="269~273" text="This" id="P1" Type="Itself"/>
<Product spans="380~384" text="them" id="P2" Type="Itself"/>
<Favorable_outcome spans="372~425" text="wearing them has made my life at work very manageable" id="F0" Class="Other" Certainty="Positive"/>
<Product spans="504~506" text="It" id="P3" Type="Itself"/>
<Product spans="550~554" text="they" id="P4" Type="Itself"/>
<Product spans="667~672" text="these" id="P5" Type="Itself"/>
<Indicated_symptom spans="46~56" text="neuropathy" id="I0" Class="Cancer_related" Certainty="Positive"/>
<Indicated_symptom spans="62~82" text="sciatic nerve damage" id="I1" Class="Cancer_related" Certainty="Positive"/>
<Favorable_outcome spans="430~490" text="doesn't take much time in the medium setting to warm my toes" id="F1" Class="Other" Certainty="Positive"/>
<Harmful_outcome spans="559~591" text="not the most comfortable insoles" id="H0" Class="Other" Certainty="Positive"/>
<Product spans="717~719" text="it" id="P6" Type="Itself"/>
<Favorable_outcome spans="720~791" text="beats a $30/mo copay for lyrica and the side effects the drug can cause" id="F2" Class="Other" Certainty="Positive"/>
</TAGS>
<META/>
</Amazon_Review>