<?xml version="1.0" encoding="UTF-8" ?>
<Amazon_Review>
<TEXT><![CDATA[Nutricology Calm Ez Capsules, 150 Count

The label is misleading and gives the impression that you are buying a Chinese natural herb.  Read up on this product online you will find it has chemicals that cause Cancer too.*In addition, who wants to take 6 caps of this stuff? I took 2 and went to bed hoping it would have some effect on my sleepless nights.  Nothing happened.  I got no sleep.I returned it and got part of my money back.
]]></TEXT>
<TAGS>
<Product spans="0~28" text="Nutricology Calm Ez Capsules" id="P0" Type="Itself"/>
<Product spans="151~158" text="product" id="P1" Type="Itself"/>
<Product spans="180~182" text="It" id="P2" Type="Itself"/>
<Cancer_type spans="208~214" text="cancer" id="C0" Certainty="Hypothetical" Class="Human"/>
<Product spans="266~271" text="stuff" id="P3" Type="Itself"/>
<Product spans="305~307" text="It" id="P4" Type="Itself"/>
<Product spans="401~403" text="It" id="P5" Type="Itself"/>
<Harmful_outcome spans="183~214" text="has chemicals that cause Cancer" id="H0" Class="Other" Certainty="Positive"/>
<Product spans="112~132" text="Chinese natural herb" id="P6" Type="Other"/>
<Harmful_outcome spans="356~372" text="Nothing happened" id="H1" Class="Other" Certainty="Positive"/>
<Harmful_outcome spans="377~389" text="got no sleep" id="H2" Class="Other" Certainty="Positive"/>
<Indicated_symptom spans="337~353" text="sleepless nights" id="I0" Class="Other" Certainty="Positive"/>
</TAGS>
<META/>
</Amazon_Review>