<?xml version="1.0" encoding="UTF-8" ?>
<Amazon_Review>
<TEXT><![CDATA[Feosol Bifera HIP &amp; PIC Iron Supplement Complete Caplets 30.0 ea. (Quantity of 3)

I am a cancer survivor and have been iron deficient since completing chemotherapy treatments. I tried a regular iron supplement and experienced a LOT of stomach pain and discomfort. My doctor recommended this product and it works without side effects. I have been using it for 6 months now and have it on my Amazon auto-deliver program. Great price and fantastic product. My most recent bloodwork revealed I am no longer iron deficient too. Great product!
]]></TEXT>
<TAGS>
<Product spans="0~17" text="Feosol Bifera HIP" id="P0" Type="Itself"/>
<Product spans="24~60" text="PIC Iron Supplement Complete Caplets" id="P1" Type="Itself"/>
<Cancer_type spans="94~100" text="cancer" id="C0" Certainty="Positive" Class="Human"/>
<Indicated_symptom spans="124~138" text="iron deficient" id="I0" Class="Cancer_related" Certainty="Positive"/>
<Product spans="296~303" text="product" id="P2" Type="Other"/>
<Product spans="308~310" text="It" id="P3" Type="Itself"/>
<Favorable_outcome spans="311~337" text="works without side effects" id="F0" Class="Cancer_related" Certainty="Positive"/>
<Product spans="357~359" text="It" id="P4" Type="Itself"/>
<Product spans="386~388" text="It" id="P5" Type="Itself"/>
<Product spans="450~457" text="product" id="P6" Type="Itself"/>
<Indicated_symptom spans="508~522" text="iron deficient" id="I1" Class="Other" Certainty="Positive"/>
<Product spans="534~541" text="product" id="P7" Type="Itself"/>
<Harmful_outcome spans="219~252" text="experienced a LOT of stomach pain" id="H0" Class="Other" Certainty="Positive"/>
<Harmful_outcome spans="257~267" text="discomfort" id="H1" Class="Other" Certainty="Positive"/>
<Product spans="204~214" text="supplement" id="P8" Type="Itself"/>
<Favorable_outcome spans="440~457" text="fantastic product" id="F2" Class="Cancer_related" Certainty="Positive"/>
<Favorable_outcome spans="498~522" text="no longer iron deficient" id="F3" Class="Cancer_related" Certainty="Positive"/>
<Favorable_outcome spans="528~541" text="Great product" id="F4" Class="Other" Certainty="Positive"/>
</TAGS>
<META/>
</Amazon_Review>