<?xml version="1.0" encoding="UTF-8" ?>
<Amazon_Review>
<TEXT><![CDATA[Drive Medical Adjustable Height Home Bed Assist Handle

Why I give the, Medical Adjustable Height Home Bed Assist Handle, such a high quality rating? Well the railing really helpful in getting me out of bed in the morning, also in the middle of the night.I ordered the second time because I am staying at my sister's helping her with terminal cancer. I can't ask her to help me out of bed. She is to weak.I have ordered from the same item and same store. The first time I ordered it I accidentally gave the wrong address. So I called the Medical Adjustable store to tell them. I got an an answering machine, I left a message to call me. To my SURPRISE THEY did. They were very kind and helpful.I also want to THANK the Amazon services for all the great job with helping my problem.THANKS AGAIN DONNA
]]></TEXT>
<TAGS>
<Product spans="0~54" text="Drive Medical Adjustable Height Home Bed Assist Handle" id="P0" Type="Itself"/>
<Product spans="72~120" text="Medical Adjustable Height Home Bed Assist Handle" id="P1" Type="Itself"/>
<Product spans="159~166" text="railing" id="P2" Type="Itself"/>
<Cancer_type spans="343~349" text="cancer" id="C0" Certainty="Positive" Class="Human"/>
<Product spans="480~482" text="It" id="P3" Type="Itself"/>
<Product spans="434~438" text="item" id="P4" Type="Itself"/>
</TAGS>
<META/>
</Amazon_Review>