<?xml version="1.0" encoding="UTF-8" ?>
<Amazon_Review>
<TEXT><![CDATA[Econugenics, PectaSol-C, Modified Citrus Pectin, 90 Veggie Caps

I have worked with my naturalpath to develop a safe and effective protocal to support a healthy recovery after cancer surgery and the removal of a tumor. Since chemotherapy is not an option for me, I want a combination of least risk and highest potential benefit. This product by Econugenics was recommended by my naturalpath. My urologist agrees this is not likely to be harmful and may be beneficial. Do not believe reviews that talk about expense and inconvenience. One 454g container lasts 30 days and it is easily mixed with water. Compared to chemo this is nothing. I feel like I am doing something proactive to increase my chances of recovery.
]]></TEXT>
<TAGS>
<Cancer_type spans="176~182" text="cancer" id="C0" Certainty="Positive" Class="Human"/>
<Cancer_type spans="212~217" text="Tumor" id="C1" Certainty="Positive" Class="Human"/>
<Product spans="334~341" text="product" id="P3" Type="Itself"/>
<Product spans="412~416" text="This" id="P4" Type="Itself"/>
<Product spans="571~573" text="It" id="P5" Type="Itself"/>
<Product spans="620~624" text="This" id="P6" Type="Itself"/>
<Favorable_outcome spans="420~444" text="not likely to be harmful" id="F0" Class="Cancer_related" Certainty="Hypothetical"/>
<Favorable_outcome spans="449~466" text="may be beneficial" id="F1" Class="Cancer_related" Certainty="Hypothetical"/>
<Favorable_outcome spans="602~635" text="Compared to chemo this is nothing" id="F2" Class="Cancer_related" Certainty="Positive"/>
<Product spans="0~47" text="Econugenics, PectaSol-C, Modified Citrus Pectin" id="P7" Type="Itself"/>
<Product spans="52~63" text="Veggie Caps" id="P8" Type="Itself"/>
</TAGS>
<META/>
</Amazon_Review>