<?xml version="1.0" encoding="UTF-8" ?>
<Amazon_Review>
<TEXT><![CDATA[Rit Sun Guard Laundry Treatment UV Protectant - Six Pack

Retired and living in Florida and fishing almost everyday, skin cancer prone husband requires all the protection that clothing, sun-block lotion, and semi-annual medical check-ups can offer.  Rit Sun Guard laundry treatment is one more layer.  Will it make a difference in the long term?  Maybe.  Does it cause any changes to the clothing fabric?  None visible.  My practice is to gather up the usual load of fishing togs and add the Sun Guard to the washer load per package instruction.  After drying, I label the clothing inside with the date and repeat about annually. I put in t-shirts, shirts and trousers, and probably do about 2 loads a year.  Easy way to add a little love and hopefully protection to a load of cloths.
]]></TEXT>
<TAGS>
<Product spans="0~45" text="Rit Sun Guard Laundry Treatment UV Protectant" id="P0" Type="Itself"/>
<Cancer_type spans="117~128" text="skin cancer" id="C0" Certainty="Hypothetical" Class="Human"/>
<Product spans="250~281" text="Rit Sun Guard laundry treatment" id="P1" Type="Itself"/>
<Product spans="307~309" text="It" id="P2" Type="Itself"/>
<Product spans="360~362" text="It" id="P3" Type="Itself"/>
<Product spans="492~501" text="Sun Guard" id="P4" Type="Itself"/>
</TAGS>
<META/>
</Amazon_Review>