<?xml version="1.0" encoding="UTF-8" ?>
<Amazon_Review>
<TEXT><![CDATA[Vitamine E Natural Ointment - 4 Oz

I was first introduced to this product when my surgeon's prescription for scar cream ran out. I found it Walgreen and have since bought all they have in all locations in my area. I then found it on Amazon and purchased until no longer available. I had 5 surgeries in 2 years due to cancer related illnesses. Your skin condition is very unforgiving of poor quality products. This is a wonderful natural product with no medicine smell to it. It helped my rather difficult healing with all the other chemical in my body I needed no more additional chemicals.  It was absorbed easily in the skin with no greasy side effects. Please let me know where I can get more of it!
]]></TEXT>
<TAGS>
<Product spans="0~27" text="Vitamine E Natural Ointment" id="P0" Type="Itself"/>
<Product spans="67~74" text="product" id="P1" Type="Itself"/>
<Product spans="138~140" text="It" id="P2" Type="Itself"/>
<Product spans="228~230" text="It" id="P3" Type="Itself"/>
<Cancer_type spans="318~324" text="cancer" id="C0" Certainty="Positive" Class="Human"/>
<Product spans="438~445" text="product" id="P4" Type="Itself"/>
<Product spans="410~414" text="This" id="P5" Type="Itself"/>
<Product spans="472~474" text="It" id="P6" Type="Itself"/>
<Indicated_symptom spans="110~114" text="scar" id="I0" Class="Cancer_related" Certainty="Positive"/>
<Product spans="400~408" text="products" id="P7" Type="Other"/>
<Favorable_outcome spans="420~474" text="wonderful natural product with no medicine smell to it" id="F0" Class="Other" Certainty="Positive"/>
<Favorable_outcome spans="479~590" text="helped my rather difficult healing with all the other chemical in my body I needed no more additional chemicals" id="F1" Class="Cancer_related" Certainty="Positive"/>
<Favorable_outcome spans="600~655" text="absorbed easily in the skin with no greasy side effects" id="F2" Class="Cancer_related" Certainty="Positive"/>
<Product spans="700~702" text="it" id="P8" Type="Itself"/>
<Product spans="476~478" text="It" id="P9" Type="Itself"/>
<Product spans="593~595" text="It" id="P10" Type="Itself"/>
</TAGS>
<META/>
</Amazon_Review>