<?xml version="1.0" encoding="UTF-8" ?>
<Amazon_Review>
<TEXT><![CDATA[Drive Medical Winnie Walker Deluxe Three Wheel Rollator, Chrome

This walker did not work at all!!  I e-mailed them of the problem, and they told me what they thought would  solve the problem (it did nothing).  The walker tips so easily, and my husband would have fallen if he tried to use it.  I found out too late that I only had 12 days to return this, and no return info at all.  They said the matter was closed.  This was a very unsatisfactory purchase, and my husband will never be able to use it. He would take a serious fall if he attempted to walk with this walker.  He has cancer, and cannot walk without  a walker.  I am very disappointed about this, but I have no problem with Amazon at all.  Thank you for listening.
]]></TEXT>
<TAGS>
<Product spans="0~55" text="Drive Medical Winnie Walker Deluxe Three Wheel Rollator" id="P0" Type="Itself"/>
<Product spans="70~76" text="walker" id="P1" Type="Itself"/>
<Cancer_type spans="583~589" text="cancer" id="C0" Certainty="Positive" Class="Human"/>
<Harmful_outcome spans="77~96" text="did not work at all" id="H0" Class="Other" Certainty="Positive"/>
<Product spans="215~221" text="walker" id="P2" Type="Itself"/>
<Product spans="290~292" text="it" id="P3" Type="Itself"/>
<Product spans="350~354" text="this" id="P4" Type="Itself"/>
<Product spans="500~502" text="it" id="P5" Type="Itself"/>
<Product spans="567~573" text="walker" id="P6" Type="Itself"/>
<Product spans="618~624" text="walker" id="P7" Type="Itself"/>
<Product spans="656~660" text="this" id="P8" Type="Itself"/>
</TAGS>
<META/>
</Amazon_Review>