<?xml version="1.0" encoding="UTF-8" ?>
<Amazon_Review>
<TEXT><![CDATA[Life Extension Super Bio-Curcumin, 400mg, Vegetarian Capsules 60 ea

I have MGUS, a precursor to multiple myeloma (incurable blood cancer). Read on a blog that curcumin has anti-cancer properties. I've been taking it for 4 years and my blood work, although not perfect, is stable. So I'm assuming it is helping. Let's just say I'm not going to stop taking it to find out. :-)
]]></TEXT>
<TAGS>
<Product spans="0~33" text="Life Extension Super Bio-Curcumin" id="P0" Type="Itself"/>
<Product spans="42~61" text="Vegetarian Capsules" id="P1" Type="Itself"/>
<Product spans="214~216" text="It" id="P2" Type="Itself"/>
<Favorable_outcome spans="233~279" text="my blood work, although not perfect, is stable" id="F0" Class="Other" Certainty="Positive"/>
<Product spans="297~299" text="It" id="P3" Type="Itself"/>
<Product spans="356~358" text="It" id="P4" Type="Itself"/>
<Cancer_type spans="97~113" text="multiple myeloma" id="C2" Certainty="Positive" Class="Human"/>
<Cancer_type spans="125~137" text="blood cancer" id="C3" Certainty="Positive" Class="Human"/>
<Indicated_symptom spans="76~80" text="MGUS" id="I0" Class="Cancer_related" Certainty="Positive"/>
<Product spans="160~168" text="curcumin" id="P5" Type="Other"/>
<Cancer_type spans="178~184" text="cancer" id="C4" Certainty="Negative" Class="Human"/>
<Favorable_outcome spans="173~195" text="anti-cancer properties" id="F1" Class="Cancer_related" Certainty="Hypothetical"/>
<Favorable_outcome spans="303~310" text="helping" id="F2" Class="Cancer_related" Certainty="Possible"/>
</TAGS>
<META/>
</Amazon_Review>