<?xml version="1.0" encoding="UTF-8" ?>
<Amazon_Review>
<TEXT><![CDATA[Priva Ultra Absorbent 300 Washes Waterproof Sheet Protector, 34 by 36-Inch, White

This was a gift... due to cancer we have some issues.... they love it because they don't have to wash the sheets daily now. They just clean the sheet protector.I would highly recommend this for anyone.  Thank you
]]></TEXT>
<TAGS>
<Product spans="26~59" text="Washes Waterproof Sheet Protector" id="P1" Type="Itself"/>
<Product spans="83~87" text="This" id="P2" Type="Itself"/>
<Cancer_type spans="109~115" text="cancer" id="C0" Certainty="Positive" Class="Human"/>
<Product spans="150~152" text="It" id="P3" Type="Itself"/>
<Product spans="268~272" text="This" id="P4" Type="Itself"/>
<Favorable_outcome spans="145~152" text="love it" id="F0" Class="Other" Certainty="Positive"/>
<Product spans="189~195" text="sheets" id="P5" Type="Itself"/>
<Favorable_outcome spans="166~201" text="don't have to wash the sheets daily" id="F1" Class="Other" Certainty="Positive"/>
<Product spans="227~242" text="sheet protector" id="P6" Type="Itself"/>
<Favorable_outcome spans="251~267" text="highly recommend" id="F2" Class="Other" Certainty="Positive"/>
</TAGS>
<META/>
</Amazon_Review>