<?xml version="1.0" encoding="UTF-8" ?>
<Amazon_Review>
<TEXT><![CDATA[Avalon Aire Super Deluxe Chin Strap - Small

We have different size and shape heads and sleep in many different positions. I have a very small head so I obviously ordered size small.What works for one, does not work for another. I believe this is one product when reviews may not be that helpful, but this is my story.I must sleep on my back and my mouth falls open. I've had manageable dry mouth for many years. Back in July my tongue was hurting more than usual when I woke up in the morning. I went to my dentist and he could not help.A few weeks later I was diagnosed with oral cancer. (No connection to the increased dry mouth) After 6 weeks of oral radiation, I was in agony when I woke up. Dry mouth is a side effect and that on top of my already dry mouth is awful.This chin strap was my 4th try. In the meantime I was taping my mouth shut...not fun. I found the best tape for me was 3MTM KIND REMOVAL SILICONE TAPE available on Amazon.Back to the chin strap...It took various adjustments to get the chin strap right for me. I only use one of the additional straps...below my ears. All the pictures show the strap near the top of the back of the head. I can't give a good explanation, but I put a washcloth on top of my head before securing the strap and I am more comfortable. I am still able to wear my sleep mask and use my headphones. I look so adorable :)What I find very unusual is the fact that when I put on the strap I can still open my mouth and talk. When I get into bed the strap feels a little more tighter and when I fall asleep it somehow keeps my mouth shut and I do not wake up in agony. I once decided I didn't need the strap for a quick nap. Wrong! I use the strap whenever I go to sleep.I used the Churchill quote in my heading because you must not give up! It's a pain and costly, but well worth finding the chin strap that works for you.
]]></TEXT>
<TAGS>
<Product spans="0~35" text="Avalon Aire Super Deluxe Chin Strap" id="P0" Type="Itself"/>
<Product spans="251~258" text="product" id="P1" Type="Itself"/>
<Cancer_type spans="577~588" text="oral cancer" id="C0" Certainty="Positive" Class="Human"/>
<Product spans="778~788" text="chin strap" id="P2" Type="Itself"/>
<Product spans="956~966" text="chin strap" id="P3" Type="Itself"/>
<Product spans="1008~1018" text="chin strap" id="P4" Type="Itself"/>
<Product spans="1428~1433" text="strap" id="P5" Type="Itself"/>
<Product spans="1494~1499" text="strap" id="P6" Type="Itself"/>
<Product spans="1551~1553" text="It" id="P7" Type="Itself"/>
<Favorable_outcome spans="1562~1611" text="keeps my mouth shut and I do not wake up in agony" id="F0" Class="Other" Certainty="Positive"/>
<Product spans="1646~1651" text="strap" id="P8" Type="Itself"/>
<Product spans="1686~1691" text="strap" id="P9" Type="Itself"/>
<Product spans="1837~1847" text="chin strap" id="P10" Type="Itself"/>
<Product spans="239~243" text="this" id="P11" Type="Itself"/>
<Indicated_symptom spans="326~365" text="leep on my back and my mouth falls open" id="I1" Class="Cancer_related" Certainty="Positive"/>
<Indicated_symptom spans="387~396" text="dry mouth" id="I2" Class="Cancer_related" Certainty="Positive"/>
<Indicated_symptom spans="426~463" text="my tongue was hurting more than usual" id="I3" Class="Cancer_related" Certainty="Positive"/>
<Indicated_symptom spans="622~631" text="dry mouth" id="I4" Class="Cancer_related" Certainty="Positive"/>
<Indicated_symptom spans="697~706" text="dry mouth" id="I5" Class="Cancer_related" Certainty="Positive"/>
<Indicated_symptom spans="754~763" text="dry mouth" id="I6" Class="Cancer_related" Certainty="Positive"/>
<Product spans="1066~1072" text="straps" id="P12" Type="Itself"/>
<Product spans="1116~1121" text="strap" id="P13" Type="Itself"/>
<Product spans="1253~1258" text="strap" id="P14" Type="Itself"/>
</TAGS>
<META/>
</Amazon_Review>