<?xml version="1.0" encoding="UTF-8" ?>
<Amazon_Review>
<TEXT><![CDATA[Breast Cancer: My Spiritual Journey

Not your typical book about someone experiencing breast cancer. I found this book to be enlightening, sometimes uproariously funny and sometimes heart-breaking. It reveals what can happen in desperate times when a person throws themselves into the arms of God and trusts Him. The spiritual lessons Mo Hurley learned and how her relationship with God became more vital can be transferred to any situation in life if a person is just willing to let Him work. I found this book extremely encouraging and I've never had breast cancer! I highly recommend it, and plan to \
]]></TEXT>
<TAGS>
<Cancer_type spans="0~13" text="Breast Cancer" id="C0" Certainty="Negative" Class="Human"/>
<Product spans="0~35" text="Breast Cancer: My Spiritual Journey" id="P0" Type="Itself"/>
<Product spans="54~58" text="book" id="P1" Type="Itself"/>
<Product spans="114~118" text="book" id="P2" Type="Itself"/>
<Cancer_type spans="86~99" text="breast cancer" id="C1" Certainty="Hypothetical" Class="Human"/>
<Product spans="507~511" text="book" id="P3" Type="Itself"/>
<Product spans="587~589" text="it" id="P4" Type="Itself"/>
<Cancer_type spans="553~566" text="breast cancer" id="C2" Certainty="Negative" Class="Human"/>
<Favorable_outcome spans="570~586" text="highly recommend" id="F0" Class="Other" Certainty="Positive"/>
</TAGS>
<META/>
</Amazon_Review>