<?xml version="1.0" encoding="UTF-8" ?>
<Amazon_Review>
<TEXT><![CDATA[MGN-3 (BRM 4) (250 mg/60 caps)

While this isn't the original MGN-3 becuase they cannot sell MGN-3 this country anymore. They made clames MGN-3 helped fight cancer without any proof, IIRC. So the government made them take it off the market.It does help me in fighting colds and the flu. And that is what I use it for, it works.
]]></TEXT>
<TAGS>
<Product spans="0~13" text="MGN-3 (BRM 4)" id="P0" Type="Itself"/>
<Cancer_type spans="157~163" text="cancer" id="C0" Certainty="Positive" Class="Human"/>
<Product spans="38~42" text="this" id="P1" Type="Itself"/>
<Product spans="62~67" text="MGN-3" id="P2" Type="Other"/>
<Product spans="93~98" text="MGN-3" id="P3" Type="Other"/>
<Product spans="138~143" text="MGN-3" id="P4" Type="Other"/>
<Favorable_outcome spans="144~163" text="helped fight cancer" id="F0" Class="Cancer_related" Certainty="Hypothetical"/>
<Product spans="222~224" text="it" id="P5" Type="Itself"/>
<Product spans="240~242" text="it" id="P6" Type="Itself"/>
<Indicated_symptom spans="282~285" text="flu" id="I0" Class="Other" Certainty="Positive"/>
<Indicated_symptom spans="268~273" text="colds" id="I1" Class="Other" Certainty="Positive"/>
<Favorable_outcome spans="243~285" text="does help me in fighting colds and the flu" id="F1" Class="Other" Certainty="Positive"/>
<Product spans="310~312" text="it" id="P7" Type="Itself"/>
<Product spans="318~320" text="it" id="P8" Type="Itself"/>
<Favorable_outcome spans="321~326" text="works" id="F2" Class="Other" Certainty="Positive"/>
</TAGS>
<META/>
</Amazon_Review>