<?xml version="1.0" encoding="UTF-8" ?>
<Amazon_Review>
<TEXT><![CDATA[Digestive Advantage Daily Probiotics Supplement, Gummies, 60 Count

Ingredients: BC bacillus coagulans, corn syrup, sugar, gelatin, citric acid, sorbitol, natural flavors, lactic acid, colors from fruits and vegetables.These gummies certainly taste delicious, just likeGummy Bears candy, and they are clearly primarily meant for children. However, as an adult, I certainly enjoyed them. The dosage for adults is 2-4 gummies per day, which I willingly consumed.These gummies do include unhealthy corn syrup and sugar, and they also contain sorbitol, a sugar alcohol which can cause bowel distress. However, the amount contained in the dosage recommended for these gummies is small enough that it probably won't have a bad effect on most people, even small children. I'm personally normally extremely sensitive to sugar alcohol, and these gummies did not affect me adversely.The type of probiotic contained in this product, Bacillus coagulans, promotes bowel health in general, but it is sometimes prescribed (particularly in Europe) for diarrhea (including infectious rotaviral diarrhea in children, traveler's diarrhea, and diarrhea caused by antibiotics). Bacillus coagulans is also used to aid digestion, and to treat various bowel disorders such as irritable bowel syndrome (IBS), inflammatory bowel disease (IBD) such as Crohn's disease and ulcerative colitis, a disorder of the bowels called Clostridium difficilecolitis, and as a help in healing ulcers caused by the bacterium Helicobacter pylori.In addition, Bacillus coagulans can help prevent respiratory infections, improve immune function, and help prevent cancer. Scientists are also considering adding it to vaccines to improve their effectiveness.
]]></TEXT>
<TAGS>
<Product spans="0~47" text="Digestive Advantage Daily Probiotics Supplement" id="P0" Type="Itself"/>
<Product spans="81~102" text="BC bacillus coagulans" id="P1" Type="Itself"/>
<Favorable_outcome spans="233~258" text="certainly taste delicious" id="F0" Class="Other" Certainty="Positive"/>
<Product spans="292~296" text="they" id="P2" Type="Itself"/>
<Product spans="381~385" text="them" id="P3" Type="Itself"/>
<Favorable_outcome spans="363~385" text="certainly enjoyed them" id="F1" Class="Other" Certainty="Positive"/>
<Product spans="416~423" text="gummies" id="P4" Type="Itself"/>
<Product spans="466~473" text="gummies" id="P5" Type="Itself"/>
<Product spans="663~670" text="gummies" id="P6" Type="Itself"/>
<Harmful_outcome spans="477~515" text="include unhealthy corn syrup and sugar" id="H0" Class="Other" Certainty="Positive"/>
<Harmful_outcome spans="531~595" text="contain sorbitol, a sugar alcohol which can cause bowel distress" id="H1" Class="Other" Certainty="Positive"/>
<Product spans="837~844" text="gummies" id="P7" Type="Itself"/>
<Product spans="913~920" text="product" id="P8" Type="Itself"/>
<Product spans="922~940" text="Bacillus coagulans" id="P9" Type="Itself"/>
<Favorable_outcome spans="942~963" text="promotes bowel health" id="F2" Class="Other" Certainty="Hypothetical"/>
<Cancer_type spans="1618~1624" text="cancer" id="C0" Certainty="Hypothetical" Class="Human"/>
<Product spans="1516~1534" text="Bacillus coagulans" id="P10" Type="Itself"/>
<Product spans="1157~1175" text="Bacillus coagulans" id="P11" Type="Itself"/>
<Indicated_symptom spans="1196~1205" text="digestion" id="I0" Class="Other" Certainty="Positive"/>
<Product spans="1665~1667" text="it" id="P12" Type="Itself"/>
<Indicated_symptom spans="1228~1243" text="bowel disorders" id="I1" Class="Other" Certainty="Positive"/>
<Indicated_symptom spans="1252~1276" text="irritable bowel syndrome" id="I2" Class="Other" Certainty="Positive"/>
<Indicated_symptom spans="1284~1310" text="inflammatory bowel disease" id="I3" Class="Other" Certainty="Positive"/>
<Indicated_symptom spans="1325~1340" text="Crohn's disease" id="I4" Class="Other" Certainty="Positive"/>
<Indicated_symptom spans="1345~1363" text="ulcerative colitis" id="I5" Class="Other" Certainty="Positive"/>
<Indicated_symptom spans="1397~1425" text="Clostridium difficilecolitis" id="I6" Class="Other" Certainty="Positive"/>
<Indicated_symptom spans="1452~1458" text="ulcers" id="I7" Class="Other" Certainty="Positive"/>
<Favorable_outcome spans="1436~1502" text="help in healing ulcers caused by the bacterium Helicobacter pylori" id="F3" Class="Cancer_related" Certainty="Hypothetical"/>
</TAGS>
<META/>
</Amazon_Review>