<?xml version="1.0" encoding="UTF-8" ?>
<Amazon_Review>
<TEXT><![CDATA[s Best SAMe 400 mg (Double Strength), Enteric Coated Tablets, 30-Count", 

I bought this product after hearing that Dr. Oz recommended Sam-e for depression.  Dr. Weil also recommends it but says you should look for the butanedisulfonate form.  I tried emailing Doctor's Best to ask them about this, but the email was returned as undeliverable.  However, I am no longer depressed so it seems to be working.  I have suffered several major concussions which has been linked to major depression.  I can get so depressed that I stop showering.  I have been on and off SSRI antidepressants for years.  They always stop working.  I heard Dr Weil on NPR talking about his new book Spontaneous Happiness, and he  said that the SSRIs have been linked to cancer and heart problems.  The Mayo Clinic's website also says they can cause osteoporosis.  Zoloft made me feel like I wanted to jump out of my skin. I take one Sam-e pill(400mg) a day on an empty stomach.  This is very important if you want it to work.  When I took 2 pills, it made me a little manic which was kind of fun, but I only really need 1 pill.  The great thing about Sam-e is that if it is going to work for you, it will work within a week.  My naturopath said that it doesn't work for everyone.  Dr. Weil also recommended St. John's Wort, Rhodiola, and Ashwagandha for depression.  Another important vitamin is vitamin D3.  Most Americans are deficient in the sunshine vitamin.  Dr. Weil recommends 2000i.u. a day.  I've read that over 50% of all cancers could be prevented if people had adequate levels of vitamin D.  Everyone should be tested for their levels.  Optimal is between 50-70. Go to [...] to get more info of vitamin D.  It also prevents depression.  The best way to get it of course is from sun exposure, but for those who can't get sun, supplements are good.  Dr. Mercola says that since sunscreens have gone into use, skin cancer has greatly increased.  He thinks this is due to lack of vitamin D and the cancer causing ingredients in most sunscreens like any of the parabens.
]]></TEXT>
<TAGS>
<Product spans="0~11" text="s Best SAMe" id="P0" Type="Itself"/>
<Product spans="89~96" text="product" id="P1" Type="Itself"/>
<Product spans="135~140" text="Sam-e" id="P2" Type="Itself"/>
<Product spans="183~185" text="it" id="P3" Type="Itself"/>
<Product spans="293~297" text="this" id="P4" Type="Itself"/>
<Product spans="382~384" text="it" id="P5" Type="Itself"/>
<Indicated_symptom spans="369~378" text="depressed" id="I0" Class="Other" Certainty="Positive"/>
<Favorable_outcome spans="359~378" text="no longer depressed" id="F0" Class="Other" Certainty="Positive"/>
<Favorable_outcome spans="385~404" text="seems to be working" id="F1" Class="Other" Certainty="Positive"/>
<Indicated_symptom spans="437~448" text="concussions" id="I1" Class="Cancer_related" Certainty="Positive"/>
<Indicated_symptom spans="480~490" text="depression" id="I2" Class="Cancer_related" Certainty="Positive"/>
<Indicated_symptom spans="506~515" text="depressed" id="I3" Class="Cancer_related" Certainty="Positive"/>
<Cancer_type spans="744~750" text="cancer" id="C0" Certainty="Hypothetical" Class="Human"/>
<Product spans="808~812" text="They" id="P6" Type="Itself"/>
<Indicated_symptom spans="823~835" text="osteoporosis" id="I4" Class="Other" Certainty="Hypothetical"/>
<Product spans="913~917" text="pill" id="P7" Type="Itself"/>
<Product spans="988~990" text="it" id="P8" Type="Itself"/>
<Product spans="1015~1020" text="pills" id="P9" Type="Itself"/>
<Product spans="1022~1024" text="it" id="P10" Type="Itself"/>
<Product spans="1096~1100" text="pill" id="P11" Type="Itself"/>
<Product spans="1125~1130" text="Sam-e" id="P12" Type="Itself"/>
<Product spans="1142~1144" text="it" id="P13" Type="Itself"/>
<Product spans="1171~1173" text="it" id="P14" Type="Itself"/>
<Favorable_outcome spans="1174~1197" text="will work within a week" id="F2" Class="Other" Certainty="Positive"/>
<Indicated_symptom spans="1328~1338" text="depression" id="I5" Class="Cancer_related" Certainty="Positive"/>
<Cancer_type spans="1506~1513" text="cancers" id="C1" Certainty="Hypothetical" Class="Human"/>
<Indicated_symptom spans="1710~1720" text="depression" id="I6" Class="Cancer_related" Certainty="Positive"/>
<Cancer_type spans="1980~1986" text="cancer" id="C2" Certainty="Hypothetical" Class="Human"/>
<Cancer_type spans="1893~1904" text="skin cancer" id="C3" Certainty="Hypothetical" Class="Human"/>
</TAGS>
<META>
<label color="red"/>
</META>
</Amazon_Review>