<?xml version="1.0" encoding="UTF-8" ?>
<Amazon_Review>
<TEXT><![CDATA[s Clean Day Scent Diffuser, Geranium (Pack of 2)", 

I decided to try this scent diffuser after reading about the terrible chemicals found in Glade Plug-Ins (including phthalates and cancer causing chemicals that I can't even pronounce.)  I'm sold and will be replacing all my Glade Plug-Ins with these great scent diffusers!These last just as long as the glade and the scent is beautiful.  It's also wonderful that the scents match the Mrs Meyers cleaning products so you have a uniform scent in your home rather than a mish-mosh of fragrances.It would have been nice if Mrs Meyers would have taken a hint from Glade and added an adjuster to the diffuser so you can control how much fragrance is released into the air - the scent can be a bit overpowering at times.  Warning, the scent jars are made of glass, so you don't want these near young children or pets that might pull out the refill and drop it.  My 3 and 5 year old already knew never to touch the glade plug-ins, so it was not a problem for my family, and I don't mind glass - again, less plastics = less chemicals.As for the previous reviewer who complained that these don't fit all electrical receptacles - I don't know why she would say this.  Unless you have receptacles that are out of date, or your entire room has the standard vertical receptacles turned on their sides, these should work fine in your home.  They DO FIT ALL STANDARD electrical outlets with no problem.  I think what she was trying to say is that these can't be turned upside-down or sideways like the Glade plug-ins.  You just have to be ready to plug it into the bottom outlet or dedicate your entire receptacle to one diffuser.  Not a big deal for me, and definitely a small adjustment to get this wonderful, non-toxic diffuser going in my home.Price on here could be better.  [...]
]]></TEXT>
<TAGS>
<Product spans="0~26" text="s Clean Day Scent Diffuser" id="P0" Type="Itself"/>
<Product spans="75~89" text="scent diffuser" id="P1" Type="Itself"/>
<Product spans="142~156" text="Glade Plug-Ins" id="P2" Type="Other"/>
<Cancer_type spans="183~189" text="cancer" id="C0" Certainty="Hypothetical" Class="Human"/>
<Product spans="277~291" text="Glade Plug-Ins" id="P3" Type="Other"/>
<Product spans="309~324" text="scent diffusers" id="P4" Type="Itself"/>
<Product spans="356~361" text="glade" id="P5" Type="Other"/>
<Favorable_outcome spans="331~361" text="last just as long as the glade" id="F0" Class="Other" Certainty="Positive"/>
<Favorable_outcome spans="370~388" text="scent is beautiful" id="F1" Class="Other" Certainty="Positive"/>
<Product spans="437~465" text="Mrs Meyers cleaning products" id="P6" Type="Other"/>
<Favorable_outcome spans="401~465" text="wonderful that the scents match the Mrs Meyers cleaning products" id="F2" Class="Other" Certainty="Positive"/>
<Favorable_outcome spans="473~506" text="have a uniform scent in your home" id="F3" Class="Other" Certainty="Positive"/>
<Product spans="612~617" text="glade" id="P7" Type="Other"/>
<Product spans="647~655" text="diffuser" id="P9" Type="Other"/>
<Product spans="777~791" text="the scent jars" id="P10" Type="Itself"/>
<Product spans="887~893" text="refill" id="P11" Type="Itself"/>
<Product spans="903~905" text="it" id="P12" Type="Itself"/>
<Product spans="960~974" text="Glade Plug-Ins" id="P13" Type="Other"/>
<Favorable_outcome spans="1021~1037" text="don't mind glass" id="F4" Class="Other" Certainty="Positive"/>
<Favorable_outcome spans="1047~1077" text="less plastics = less chemicals" id="F5" Class="Other" Certainty="Positive"/>
<Product spans="1341~1346" text="these" id="P14" Type="Itself"/>
<Favorable_outcome spans="1347~1377" text="should work fine in your home." id="F6" Class="Other" Certainty="Hypothetical"/>
<Product spans="1379~1383" text="They" id="P15" Type="Itself"/>
<Favorable_outcome spans="1384~1438" text="DO FIT ALL STANDARD electrical outlets with no problem" id="F7" Class="Other" Certainty="Positive"/>
<Product spans="1484~1489" text="these" id="P16" Type="Itself"/>
<Product spans="1539~1553" text="Glade Plug-Ins" id="P17" Type="Other"/>
<Product spans="1590~1592" text="it" id="P18" Type="Itself"/>
<Product spans="1658~1666" text="diffuser" id="P19" Type="Itself"/>
<Favorable_outcome spans="1738~1747" text="wonderful" id="F8" Class="Other" Certainty="Positive"/>
<Product spans="1759~1767" text="diffuser" id="P20" Type="Itself"/>
<Favorable_outcome spans="303~324" text="great scent diffusers" id="F9" Class="Other" Certainty="Positive"/>
<Product spans="391~393" text="it" id="P21" Type="Itself"/>
<Favorable_outcome spans="1696~1784" text="definitely a small adjustment to get this wonderful, non-toxic diffuser going in my home" id="F10" Class="Other" Certainty="Positive"/>
</TAGS>
<META/>
</Amazon_Review>