<?xml version="1.0" encoding="UTF-8" ?>
<Amazon_Review>
<TEXT><![CDATA[Life Extension Integra - Lean Irvingia, 150mg, Vegetarian Capsules, 60-Count

This product was recommended to me by a friend who saw it touted on a certain, popular TV doctor's show. So I gave it a try. (I'm 62 and 8 year cancer survivor, so I'm always looking for an edge on aging and health enhancement.) I usually give a new supplement a reasonable chance and take it for 90 days (as long as I'm not having an adverse reaction). But I took this product for only 60 days, and I took it strictly in accordance with the directions.  During that period, however, I cannot say that I noticed or felt *anything* new, different or better.  My appetite didn't change, my weight didn't vary, my energy levels didn't increase, my metabolism continued to rev at its caffeine-addled, insane pace, and my mood remained sickeningly upbeat and jolly.  Nor did it cause me any adverse reaction - thus the 3 star rating. So after 60 days and zilch discernible effect, I couldn't justify dropping another $21.00.This is not to say it's not a good product or that other folks won't benefit appreciably from it. It just didn't seem to make any difference at all in my case.
]]></TEXT>
<TAGS>
<Product spans="0~38" text="Life Extension Integra - Lean Irvingia" id="P0" Type="Itself"/>
<Product spans="83~90" text="product" id="P1" Type="Itself"/>
<Product spans="133~135" text="it" id="P2" Type="Itself"/>
<Product spans="193~195" text="it" id="P3" Type="Itself"/>
<Cancer_type spans="222~228" text="cancer" id="C0" Certainty="Positive" Class="Human"/>
<Product spans="368~370" text="it" id="P4" Type="Itself"/>
<Product spans="448~455" text="product" id="P5" Type="Itself"/>
<Product spans="485~487" text="it" id="P6" Type="Itself"/>
<Harmful_outcome spans="564~633" text="cannot say that I noticed or felt *anything* new, different or better" id="H0" Class="Other" Certainty="Positive"/>
<Harmful_outcome spans="639~661" text="appetite didn't change" id="H1" Class="Other" Certainty="Positive"/>
<Harmful_outcome spans="666~684" text="weight didn't vary" id="H2" Class="Other" Certainty="Positive"/>
<Harmful_outcome spans="689~718" text="energy levels didn't increase" id="H3" Class="Other" Certainty="Positive"/>
<Favorable_outcome spans="840~880" text="Nor did it cause me any adverse reaction" id="F0" Class="Other" Certainty="Positive"/>
<Harmful_outcome spans="928~952" text="zilch discernible effect" id="H4" Class="Other" Certainty="Positive"/>
<Product spans="1032~1039" text="product" id="P7" Type="Itself"/>
<Product spans="1095~1097" text="It" id="P8" Type="Itself"/>
<Harmful_outcome spans="1103~1155" text="didn't seem to make any difference at all in my case" id="H5" Class="Other" Certainty="Positive"/>
<Product spans="47~66" text="Vegetarian Capsules" id="P9" Type="Itself"/>
<Product spans="328~338" text="supplement" id="P10" Type="Other"/>
</TAGS>
<META/>
</Amazon_Review>