<?xml version="1.0" encoding="UTF-8" ?>
<Amazon_Review>
<TEXT><![CDATA[Jarrow Formulas Curcumin 95, 500 mg, 60 Count

Jarrow formulas did it again.  I've been looking for a good curcumin formulation.  So many brands feature turmeric, which is NOT the same thing.  Research on curcumin is ongoing, and it's proving to be a potent cancer fighter from prostate to breast cancer.  This powerful antioxidant has been proven to prevent oxidative damage in our bodies.  I like that this formula is standardized to 95% total curcuminoids.  Highly, highly recommended.
]]></TEXT>
<TAGS>
<Product spans="0~24" text="Jarrow Formulas Curcumin" id="P0" Type="Itself"/>
<Product spans="107~115" text="curcumin" id="P1" Type="Itself"/>
<Cancer_type spans="258~264" text="cancer" id="C0" Certainty="Hypothetical" Class="Human"/>
<Product spans="205~213" text="curcumin" id="P2" Type="Itself"/>
<Product spans="230~232" text="it" id="P3" Type="Itself"/>
<Cancer_type spans="290~303" text="breast cancer" id="C1" Certainty="Hypothetical" Class="Human"/>
<Cancer_type spans="278~286" text="prostate" id="C2" Certainty="Hypothetical" Class="Human"/>
<Product spans="47~62" text="Jarrow formulas" id="P4" Type="Itself"/>
<Product spans="153~161" text="turmeric" id="P5" Type="Other"/>
<Favorable_outcome spans="251~303" text="potent cancer fighter from prostate to breast cancer" id="F0" Class="Cancer_related" Certainty="Hypothetical"/>
<Indicated_symptom spans="359~389" text="oxidative damage in our bodies" id="I0" Class="Cancer_related" Certainty="Positive"/>
<Product spans="446~458" text="curcuminoids" id="P6" Type="Itself"/>
<Product spans="404~408" text="this" id="P7" Type="Itself"/>
<Favorable_outcome spans="461~487" text="Highly, highly recommended" id="F1" Class="Cancer_related" Certainty="Positive"/>
</TAGS>
<META/>
</Amazon_Review>