<?xml version="1.0" encoding="UTF-8" ?>
<Amazon_Review>
<TEXT><![CDATA[s Bounty Pomegranate, 250mg, 60 Capsules (Pack of 3)", 

Pomegranate extract is said to be a magical element for prostate cancer.  That's why I take it.  It's much more convenient than eating the fruit.
]]></TEXT>
<TAGS>
<Product spans="2~20" text="Bounty Pomegranate" id="P0" Type="Itself"/>
<Product spans="57~76" text="Pomegranate extract" id="P1" Type="Itself"/>
<Cancer_type spans="113~128" text="prostate cancer" id="C0" Certainty="Hypothetical" Class="Human"/>
<Favorable_outcome spans="93~128" text="magical element for prostate cancer" id="F0" Class="Cancer_related" Certainty="Hypothetical"/>
<Product spans="149~151" text="it" id="P2" Type="Itself"/>
<Product spans="154~156" text="It" id="P3" Type="Itself"/>
<Favorable_outcome spans="159~201" text="much more convenient than eating the fruit" id="F1" Class="Other" Certainty="Positive"/>
</TAGS>
<META/>
</Amazon_Review>