<?xml version="1.0" encoding="UTF-8" ?>
<Amazon_Review>
<TEXT><![CDATA[Amygdalin B17 Tablets 100 Mg

These B17 are amazing.  I suffer from CLL and it has actually brought my WBC down.  Don't listen to the traditional medical field.  They DON&#34;T want to cure cancer, they just want to treat it.  Do your research people....it will help you.
]]></TEXT>
<TAGS>
<Product spans="0~21" text="Amygdalin B17 Tablets" id="P0" Type="Itself"/>
<Product spans="36~39" text="B17" id="P1" Type="Itself"/>
<Cancer_type spans="68~71" text="CLL" id="C0" Certainty="Positive" Class="Human"/>
<Product spans="76~78" text="it" id="P2" Type="Itself"/>
<Favorable_outcome spans="83~111" text="actually brought my WBC down" id="F0" Class="Cancer_related" Certainty="Positive"/>
<Cancer_type spans="190~196" text="cancer" id="C1" Certainty="Positive" Class="Human"/>
<Favorable_outcome spans="40~51" text="are amazing" id="F1" Class="Other" Certainty="Positive"/>
<Product spans="254~256" text="it" id="P3" Type="Itself"/>
<Favorable_outcome spans="257~270" text="will help you" id="F2" Class="Cancer_related" Certainty="Positive"/>
</TAGS>
<META/>
</Amazon_Review>