<?xml version="1.0" encoding="UTF-8" ?>
<Amazon_Review>
<TEXT><![CDATA[8 OZ 35% Food Grade Hydrogen Peroxide PLUS 2014 True Power of Hydrogen Peroxide, Miracle Pathway to Wellness &amp; 4 0z Dead Sea Salt - Israel &amp; 4 oz Himalayan Mountain Sea Salt from Tibet! &amp; Dropper bottle. Shipped Fast. Check our other Amazon listings for HUGE collection of Food Grade Hydrogen Perxoide Packages!

It will exceed your expectations I figure. Great quality is unmistakable. I have been struggling with a major colon issue, a pain in my side, would not make bowel movements for weeks. I could not trust doctors since they would all tell me different things.In summery, in my past have been very hard on my self.This product is getting me on track. I have tried other H2O2, because I have learned that it can kill all viruses and cancer and many other things.  I have learned there is a huge different in this product versus some others that I have tried. Though the others helped, this product is truly amazing. My body is quickly getting on track.
]]></TEXT>
<TAGS>
<Product spans="9~37" text="Food Grade Hydrogen Peroxide" id="P0" Type="Itself"/>
<Product spans="325~327" text="It" id="P1" Type="Itself"/>
<Favorable_outcome spans="368~397" text="Great quality is unmistakable" id="F1" Class="Other" Certainty="Positive"/>
<Indicated_symptom spans="435~446" text="colon issue" id="I0" Class="Other" Certainty="Positive"/>
<Indicated_symptom spans="450~465" text="pain in my side" id="I1" Class="Other" Certainty="Positive"/>
<Indicated_symptom spans="467~507" text="would not make bowel movements for weeks" id="I2" Class="Other" Certainty="Positive"/>
<Product spans="640~647" text="product" id="P2" Type="Itself"/>
<Favorable_outcome spans="651~670" text="getting me on track" id="F2" Class="Other" Certainty="Positive"/>
<Cancer_type spans="753~759" text="cancer" id="C0" Certainty="Hypothetical" Class="Human"/>
<Product spans="691~695" text="H2O2" id="P3" Type="Other"/>
<Product spans="725~727" text="it" id="P4" Type="Itself"/>
<Indicated_symptom spans="741~748" text="viruses" id="I3" Class="Cancer_related" Certainty="Positive"/>
<Favorable_outcome spans="732~759" text="kill all viruses and cancer" id="F3" Class="Cancer_related" Certainty="Hypothetical"/>
<Product spans="833~840" text="product" id="P5" Type="Itself"/>
<Product spans="853~859" text="others" id="P6" Type="Other"/>
<Product spans="890~896" text="others" id="P7" Type="Other"/>
<Product spans="910~917" text="product" id="P8" Type="Itself"/>
<Favorable_outcome spans="921~934" text="truly amazing" id="F4" Class="Other" Certainty="Positive"/>
<Favorable_outcome spans="936~971" text="My body is quickly getting on track" id="F5" Class="Other" Certainty="Positive"/>
<Favorable_outcome spans="328~357" text="will exceed your expectations" id="F6" Class="Other" Certainty="Hypothetical"/>
</TAGS>
<META/>
</Amazon_Review>