<?xml version="1.0" encoding="UTF-8" ?>
<Amazon_Review>
<TEXT><![CDATA[Megared Extra Strength Krill Oil Softgel, 80 Count

I don't know what to say about this product the medical community now claim that the omega threes aren't very good for men, might cause prostrate cancer so I'm still out on this product. I quit using it.
]]></TEXT>
<TAGS>
<Product spans="0~40" text="Megared Extra Strength Krill Oil Softgel" id="P0" Type="Itself"/>
<Product spans="88~95" text="product" id="P1" Type="Itself"/>
<Cancer_type spans="188~204" text="prostrate cancer" id="C0" Certainty="Hypothetical" Class="Human"/>
<Product spans="230~237" text="product" id="P2" Type="Itself"/>
<Product spans="252~254" text="it" id="P3" Type="Itself"/>
<Harmful_outcome spans="241~251" text="quit using" id="H0" Class="Other" Certainty="Positive"/>
<Product spans="137~149" text="omega threes" id="P4" Type="Itself"/>
<Harmful_outcome spans="150~174" text="aren't very good for men" id="H1" Class="Other" Certainty="Hypothetical"/>
<Harmful_outcome spans="176~204" text="might cause prostrate cancer" id="H2" Class="Cancer_related" Certainty="Hypothetical"/>
</TAGS>
<META/>
</Amazon_Review>