<?xml version="1.0" encoding="UTF-8" ?>
<Amazon_Review>
<TEXT><![CDATA[Diphenhydramine HCI 25 Mg - Kirkland Brand - Allergy Medicine and AntihistamineCompare to Active Ingredient of Benadryl&reg; Allergy Generic - 600 Count

I buy this for my dog who is recovering from Cancer and needs to take 4 pills twice a day. This is the cheapest per pill by far I could find in a high quantity. I am very happy with this price and product.
]]></TEXT>
<TAGS>
<Product spans="0~19" text="Diphenhydramine HCI" id="P0" Type="Itself"/>
<Product spans="160~164" text="this" id="P1" Type="Itself"/>
<Cancer_type spans="199~205" text="cancer" id="C0" Certainty="Positive" Class="Pet"/>
<Product spans="226~231" text="pills" id="P2" Type="Itself"/>
<Product spans="245~249" text="this" id="P3" Type="Itself"/>
<Product spans="270~274" text="pill" id="P4" Type="Itself"/>
<Favorable_outcome spans="257~281" text="cheapest per pill by far" id="F0" Class="Other" Certainty="Positive"/>
<Product spans="351~358" text="product" id="P5" Type="Itself"/>
<Favorable_outcome spans="320~358" text="very happy with this price and product" id="F1" Class="Other" Certainty="Positive"/>
</TAGS>
<META/>
</Amazon_Review>