<?xml version="1.0" encoding="UTF-8" ?>
<Amazon_Review>
<TEXT><![CDATA[Vitamin B17 500 Mg Tablets

This is a great product for cancer, just wish it was legal in the United States.  I also wish they would ship to Alaska so that I don't have double shipping charges.
]]></TEXT>
<TAGS>
<Product spans="0~11" text="Vitamin B17" id="P0" Type="Itself"/>
<Product spans="28~32" text="This" id="P1" Type="Itself"/>
<Product spans="44~51" text="product" id="P2" Type="Itself"/>
<Cancer_type spans="56~62" text="cancer" id="C0" Certainty="Hypothetical" Class="Human"/>
<Product spans="74~76" text="it" id="P3" Type="Itself"/>
</TAGS>
<META/>
</Amazon_Review>