<?xml version="1.0" encoding="UTF-8" ?>
<Amazon_Review>
<TEXT><![CDATA[Alter Whey Protein Isolate - Ultra-Clean Raw Grass-Fed - 1lb

Nearing the end of cancer treatment, I'm striving to get myself back in athletic condition. That's involving rebuilding atrophied muscle. Three months ago I tried one of those day-glow powders my local gym recommended. I met an oncology nutritionist who gave me 50 reasons to get off that. She recommended a few other brands, but emphasized the ingredients that were best. I tried Jay Robb Whey Protein for a month. It was giving me decent results, but it has a artificial flavors and xantham gum. The gum made my smoothie thick as mud. Plus, those last two ingredients aren't the kind of things I want to put in my body. Through a friend I found Alter Whey Protein. I sent an image of the ingredients list to my nutritionist who wrote right back, &#34;That's a perfect one. Where did you find it?&#34; Clean ingredients, no artificial anything, no flavor, mixes perfectly with a spoon or blender, and I'm getting the results I want. This is going to be a mainstay for me. Great product.
]]></TEXT>
<TAGS>
<Product spans="0~26" text="Alter Whey Protein Isolate" id="P0" Type="Itself"/>
<Cancer_type spans="81~87" text="cancer" id="C0" Certainty="Positive" Class="Human"/>
<Indicated_symptom spans="171~198" text="rebuilding atrophied muscle" id="I0" Class="Cancer_related" Certainty="Positive"/>
<Product spans="238~254" text="day-glow powders" id="P1" Type="Other"/>
<Product spans="346~350" text="that" id="P2" Type="Other"/>
<Product spans="443~464" text="Jay Robb Whey Protein" id="P3" Type="Other"/>
<Product spans="478~480" text="it" id="P4" Type="Other"/>
<Product spans="515~517" text="it" id="P5" Type="Other"/>
<Product spans="709~727" text="Alter Whey Protein" id="P6" Type="Itself"/>
<Product spans="815~819" text="that" id="P7" Type="Itself"/>
<Favorable_outcome spans="824~835" text="perfect one" id="F0" Class="Other" Certainty="Positive"/>
<Product spans="856~858" text="it" id="P8" Type="Itself"/>
<Favorable_outcome spans="865~882" text="Clean ingredients" id="F1" Class="Other" Certainty="Positive"/>
<Favorable_outcome spans="884~906" text="no artificial anything" id="F2" Class="Other" Certainty="Positive"/>
<Favorable_outcome spans="908~917" text="no flavor" id="F3" Class="Other" Certainty="Positive"/>
<Favorable_outcome spans="919~958" text="mixes perfectly with a spoon or blender" id="F4" Class="Other" Certainty="Positive"/>
<Favorable_outcome spans="968~994" text="getting the results I want" id="F5" Class="Cancer_related" Certainty="Positive"/>
<Product spans="996~1000" text="this" id="P9" Type="Itself"/>
<Favorable_outcome spans="1004~1033" text="going to be a mainstay for me" id="F6" Class="Other" Certainty="Positive"/>
<Product spans="1041~1048" text="product" id="P10" Type="Itself"/>
<Favorable_outcome spans="1035~1048" text="Great product" id="F7" Class="Other" Certainty="Positive"/>
</TAGS>
<META/>
</Amazon_Review>