<?xml version="1.0" encoding="UTF-8" ?>
<Amazon_Review>
<TEXT><![CDATA[s Way Turmeric, 120 Tablets", 

My wife and I were recommended by our doctor to take Tumeric twice a day to help fight the possibility of developing cancer.  My wife lost her first husband due to cancer and she'll do her best to not loose me for the same reason.  We have been using this product for a couple years and have been buying this from a health store and sometimes it wasn't available and offered a different brand.  I didn't like that so I searched online and found this product for the best price on Amazon.  I subscribe to this product and it has always arrived before we runout of it and when we have enough for the next month, we adjust the order to skip a month.  This has worked out well for us.
]]></TEXT>
<TAGS>
<Product spans="0~14" text="s Way Turmeric" id="P0" Type="Itself"/>
<Product spans="85~92" text="Tumeric" id="P1" Type="Itself"/>
<Cancer_type spans="149~155" text="cancer" id="C0" Certainty="Positive" Class="Human"/>
<Favorable_outcome spans="113~155" text="fight the possibility of developing cancer" id="F0" Class="Cancer_related" Certainty="Hypothetical"/>
<Cancer_type spans="196~202" text="cancer" id="C1" Certainty="Positive" Class="Human"/>
<Product spans="288~295" text="product" id="P2" Type="Itself"/>
<Product spans="336~340" text="this" id="P3" Type="Itself"/>
<Product spans="375~377" text="it" id="P4" Type="Itself"/>
<Product spans="482~489" text="product" id="P5" Type="Itself"/>
<Product spans="541~548" text="product" id="P6" Type="Itself"/>
<Product spans="595~597" text="it" id="P7" Type="Itself"/>
<Product spans="680~684" text="this" id="P8" Type="Itself"/>
<Favorable_outcome spans="689~711" text="worked out well for us" id="F1" Class="Other" Certainty="Positive"/>
<Favorable_outcome spans="498~518" text="best price on Amazon" id="F2" Class="Other" Certainty="Positive"/>
<Product spans="553~555" text="it" id="P9" Type="Itself"/>
</TAGS>
<META/>
</Amazon_Review>