<?xml version="1.0" encoding="UTF-8" ?>
<Amazon_Review>
<TEXT><![CDATA[O3 Right Zortho 180 Caps

This product is designed to &#34;gently&#34; cleanse the colon and allow for more vigorous oxygen uptake by the cells. This product is recommended as one of a group of alternative strategies for fighting cancer - in my case colon cancer. That's fine as I've chosen to take an alternative approach to remaining cancer-free. The primary active ingredient for cleansing the colon is Magnesium Oxide. The recommended daily dose is 3 caps/day and the recommended therapeutic dose is 6 caps/day. I never made it past 4 caps and had to cut it back to 3. Continued, long-term diarrhea is not healthy. Beyond that, magnesium acts as a muscle relaxant and also dilates the arteries. My blood pressure was in a state of being chronically low at 100/50. I found myself feeling generally drained. At least I know just enough (and am surrounded by medically knowledgeable friends) that I was able to determine that my extreme fatigue was related to low blood pressure which was brought on by too much magnesium. I stopped taking this product 2 days ago and my energy level has increased significantly. My blood pressure is out of the &#34;low&#34; range.The concept of this product is great but there really does need to be some sort of warning and information on the potentially deleterious health effects of consuming too much magnesium. It's frustrating to see an alternative health minded company reinforcing the (often unwarranted) claims of mainstream drug companies that these products should be regulated and not available without prescription.I'm not saying don't use this product but I am say take note and be aware and on the look-out for possible side effects.
]]></TEXT>
<TAGS>
<Product spans="0~15" text="O3 Right Zortho" id="P0" Type="Itself"/>
<Product spans="31~38" text="product" id="P1" Type="Itself"/>
<Favorable_outcome spans="93~143" text="allow for more vigorous oxygen uptake by the cells" id="F0" Class="Other" Certainty="Hypothetical"/>
<Favorable_outcome spans="71~88" text="cleanse the colon" id="F1" Class="Other" Certainty="Hypothetical"/>
<Product spans="150~157" text="product" id="P2" Type="Itself"/>
<Cancer_type spans="230~236" text="cancer" id="C0" Certainty="Hypothetical" Class="Human"/>
<Cancer_type spans="250~262" text="colon cancer" id="C1" Certainty="Positive" Class="Human"/>
<Cancer_type spans="336~342" text="cancer" id="C2" Certainty="Negative" Class="Human"/>
<Product spans="406~421" text="Magnesium Oxide" id="P3" Type="Itself"/>
<Product spans="559~561" text="it" id="P4" Type="Itself"/>
<Product spans="632~641" text="magnesium" id="P5" Type="Itself"/>
<Product spans="1013~1022" text="magnesium" id="P6" Type="Itself"/>
<Harmful_outcome spans="930~1022" text="extreme fatigue was related to low blood pressure which was brought on by too much magnesium" id="H1" Class="Other" Certainty="Positive"/>
<Product spans="1046~1053" text="product" id="P7" Type="Itself"/>
<Product spans="1186~1193" text="product" id="P8" Type="Itself"/>
<Product spans="1341~1350" text="magnesium" id="P9" Type="Itself"/>
<Harmful_outcome spans="1249~1350" text="warning and information on the potentially deleterious health effects of consuming too much magnesium" id="H2" Class="Cancer_related" Certainty="Hypothetical"/>
<Product spans="1496~1504" text="products" id="P10" Type="Itself"/>
<Product spans="1594~1601" text="product" id="P11" Type="Itself"/>
<Favorable_outcome spans="221~236" text="fighting cancer" id="F2" Class="Cancer_related" Certainty="Hypothetical"/>
<Product spans="455~459" text="caps" id="P12" Type="Itself"/>
<Product spans="506~510" text="caps" id="P13" Type="Itself"/>
<Product spans="539~543" text="caps" id="P14" Type="Itself"/>
<Indicated_symptom spans="594~602" text="diarrhea" id="I0" Class="Other" Certainty="Positive"/>
<Indicated_symptom spans="702~766" text="blood pressure was in a state of being chronically low at 100/50" id="I1" Class="Other" Certainty="Positive"/>
<Indicated_symptom spans="801~808" text="drained" id="I2" Class="Other" Certainty="Positive"/>
<Harmful_outcome spans="783~808" text="feeling generally drained" id="H3" Class="Other" Certainty="Positive"/>
</TAGS>
<META/>
</Amazon_Review>