<?xml version="1.0" encoding="UTF-8" ?>
<Amazon_Review>
<TEXT><![CDATA[Source Naturals Broccoli Sprouts, 60 Tablets (Pack of 2)

I like Source Naturals Broccoli Sprouts because of their reasonable price and the presence of a cancer fighting ingredient called sulforaphane.
]]></TEXT>
<TAGS>
<Product spans="0~32" text="Source Naturals Broccoli Sprouts" id="P0" Type="Itself"/>
<Product spans="65~97" text="Source Naturals Broccoli Sprouts" id="P1" Type="Itself"/>
<Favorable_outcome spans="115~131" text="reasonable price" id="F0" Class="Cancer_related" Certainty="Positive"/>
<Cancer_type spans="154~160" text="cancer" id="C0" Certainty="Hypothetical" Class="Human"/>
<Favorable_outcome spans="154~200" text="cancer fighting ingredient called sulforaphane" id="F1" Class="Cancer_related" Certainty="Hypothetical"/>
<Favorable_outcome spans="60~97" text="like Source Naturals Broccoli Sprouts" id="F2" Class="Other" Certainty="Positive"/>
</TAGS>
<META/>
</Amazon_Review>