<?xml version="1.0" encoding="UTF-8" ?>
<Amazon_Review>
<TEXT><![CDATA[Transfer Bath Bench

I ordered this chair for my dad who was no longer able to walk because of his battle with cancer.  I ordered the chair and it was really easy to assemble.  It took about 25 minutes.  The chair once placed in the shower was very secure.  It made it very easy for my dad to get in and out of the tub to shower.  Sadly he only got to use the chair twice before passing away.  I highly recommend this chair for anyone that needs that help to get into the bathroom.
]]></TEXT>
<TAGS>
<Product spans="0~19" text="Transfer Bath Bench" id="P0" Type="Itself"/>
<Product spans="36~41" text="chair" id="P1" Type="Itself"/>
<Cancer_type spans="111~117" text="cancer" id="C0" Certainty="Positive" Class="Human"/>
<Product spans="134~139" text="chair" id="P2" Type="Itself"/>
<Product spans="144~146" text="it" id="P3" Type="Itself"/>
<Favorable_outcome spans="151~174" text="really easy to assemble" id="F0" Class="Other" Certainty="Positive"/>
<Product spans="208~213" text="chair" id="P4" Type="Itself"/>
<Favorable_outcome spans="244~255" text="very secure" id="F1" Class="Other" Certainty="Positive"/>
<Product spans="258~260" text="it" id="P5" Type="Itself"/>
<Product spans="360~365" text="chair" id="P6" Type="Itself"/>
<Product spans="418~423" text="chair" id="P7" Type="Itself"/>
<Favorable_outcome spans="396~412" text="highly recommend" id="F2" Class="Other" Certainty="Positive"/>
<Favorable_outcome spans="269~328" text="very easy for my dad to get in and out of the tub to shower" id="F3" Class="Other" Certainty="Positive"/>
</TAGS>
<META/>
</Amazon_Review>