<?xml version="1.0" encoding="UTF-8" ?>
<Amazon_Review>
<TEXT><![CDATA[Biotene Oral Rinse for Dry Mouth Symptoms-33.8 oz

This new and improved product is not the Biotene product that many have relied upon in the past. As an oral cancer patient I was subjected to a blast of Radiation to my mouth which essentially killed my saliva glands. This was the only product that helped for an extended period of time. Recently GSK has changed the formula of all the Biotene products to make it neutral ph. As a result the Enzymes that actually made it unique and useful are all gone. GSK has added nothing of value to the product. If you are still paying the very high cost of this product stop, compare the label, save your money.  This appears to be all about bottom line profits and to hell with the people that actually needed this for a decent quality of life.
]]></TEXT>
<TAGS>
<Product spans="0~18" text="Biotene Oral Rinse" id="P0" Type="Itself"/>
<Product spans="73~80" text="product" id="P1" Type="Itself"/>
<Cancer_type spans="154~165" text="oral cancer" id="C0" Certainty="Positive" Class="Human"/>
<Product spans="269~273" text="this" id="P2" Type="Itself"/>
<Product spans="287~294" text="product" id="P3" Type="Itself"/>
<Favorable_outcome spans="300~337" text="helped for an extended period of time" id="F0" Class="Cancer_related" Certainty="Positive"/>
<Product spans="395~403" text="products" id="P4" Type="Itself"/>
<Product spans="412~414" text="it" id="P5" Type="Itself"/>
<Product spans="470~472" text="it" id="P6" Type="Itself"/>
<Harmful_outcome spans="443~503" text="Enzymes that actually made it unique and useful are all gone" id="H0" Class="Cancer_related" Certainty="Positive"/>
<Product spans="543~550" text="product" id="P7" Type="Itself"/>
<Product spans="603~610" text="product" id="P8" Type="Itself"/>
<Product spans="654~658" text="this" id="P9" Type="Itself"/>
<Product spans="752~756" text="this" id="P10" Type="Itself"/>
<Indicated_symptom spans="244~267" text="killed my saliva glands" id="I0" Class="Cancer_related" Certainty="Positive"/>
</TAGS>
<META/>
</Amazon_Review>