<?xml version="1.0" encoding="UTF-8" ?>
<Amazon_Review>
<TEXT><![CDATA[Vibrant Health Green Vibrance Superfood, Powder, 12.8 Ounce

I was diagnosed with Bladder Cancer back in 2011. After the first surgery the cancer came back and so after having the second surgery I needed someway to improve my eating habits. My friend who works for a major grocery chain recommend this product to me and I have to say that by consuming the product as directed has helped with digestion. I lost 35 pounds after the first surgery but gained it all back before the second surgery. After the second surgery I lost 37 pounds but then I started taking this product and for some reason I'm able to keep the extra weight off and my energy level has increased some. I then added the Vibrant Health Rainbow Vibrance to the Green Vibrance which has really helped increase energy and it actually has reduced some stress. It's still early because I've been on the rainbow vibrance for only about 2 weeks and it's mixed in with a 30 day supply of Green Vibrance. I've just ordered by third 30 day supply of Green Vibrance and 2nd order of Vibrance Rainbow. I'm hoping that between therapy and greens and fruits i'm getting through this method will improve my health. I'll post an update as I progress.
]]></TEXT>
<TAGS>
<Cancer_type spans="82~96" text="Bladder Cancer" id="C0" Certainty="Positive" Class="Human"/>
<Product spans="0~39" text="Vibrant Health Green Vibrance Superfood" id="P0" Type="Itself"/>
<Cancer_type spans="139~145" text="cancer" id="C1" Certainty="Positive" Class="Human"/>
<Product spans="302~309" text="product" id="P1" Type="Itself"/>
<Product spans="356~363" text="product" id="P2" Type="Itself"/>
<Favorable_outcome spans="380~401" text="helped with digestion" id="F0" Class="Cancer_related" Certainty="Hypothetical"/>
<Product spans="567~574" text="product" id="P3" Type="Itself"/>
<Favorable_outcome spans="599~632" text="able to keep the extra weight off" id="F1" Class="Cancer_related" Certainty="Positive"/>
<Favorable_outcome spans="637~671" text="my energy level has increased some" id="F2" Class="Cancer_related" Certainty="Positive"/>
<Product spans="690~721" text="Vibrant Health Rainbow Vibrance" id="P4" Type="Other"/>
<Product spans="729~743" text="Green Vibrance" id="P5" Type="Itself"/>
<Favorable_outcome spans="754~783" text="really helped increase energy" id="F3" Class="Cancer_related" Certainty="Positive"/>
<Product spans="788~790" text="it" id="P6" Type="Itself"/>
<Favorable_outcome spans="804~823" text="reduced some stress" id="F4" Class="Cancer_related" Certainty="Positive"/>
<Product spans="867~883" text="rainbow vibrance" id="P7" Type="Other"/>
<Product spans="911~913" text="it" id="P8" Type="Other"/>
<Product spans="949~963" text="Green Vibrance" id="P9" Type="Itself"/>
<Product spans="1009~1023" text="Green Vibrance" id="P10" Type="Itself"/>
<Product spans="1041~1057" text="Vibrance Rainbow" id="P11" Type="Other"/>
<Favorable_outcome spans="1150~1167" text="improve my health" id="F5" Class="Cancer_related" Certainty="Hypothetical"/>
<Indicated_symptom spans="226~239" text="eating habits" id="I0" Class="Other" Certainty="Positive"/>
</TAGS>
<META/>
</Amazon_Review>