<?xml version="1.0" encoding="UTF-8" ?>
<Amazon_Review>
<TEXT><![CDATA[Estroven Maximum Strength Menopause Formula - 98 Caplets

I started using it 2 years ago, and it works for me, all the nasty symptoms are gone completely. One time I stopped using for three weeks, and the night sweats, mood swigs. etc. came back with revenge! I resumed taking the Max. Strength Estroven, but for some reason it took really long time (a few months!) before the symptoms were gone again. I was happy using it, but now I started looking for something different. This supplement contains 400 mcg of folate, which recently was linked to increase incidence of the breast and other types of cancers: \
]]></TEXT>
<TAGS>
<Product spans="0~43" text="Estroven Maximum Strength Menopause Formula" id="P0" Type="Itself"/>
<Product spans="74~76" text="it" id="P1" Type="Itself"/>
<Product spans="94~96" text="it" id="P2" Type="Itself"/>
<Favorable_outcome spans="97~109" text="works for me" id="F0" Class="Other" Certainty="Positive"/>
<Cancer_type spans="601~608" text="cancers" id="C0" Certainty="Hypothetical" Class="Human"/>
<Favorable_outcome spans="119~153" text="nasty symptoms are gone completely" id="F1" Class="Other" Certainty="Positive"/>
<Indicated_symptom spans="205~217" text="night sweats" id="I0" Class="Other" Certainty="Positive"/>
<Indicated_symptom spans="219~229" text="mood swigs" id="I1" Class="Other" Certainty="Positive"/>
<Product spans="281~303" text="Max. Strength Estroven" id="P3" Type="Itself"/>
<Product spans="325~327" text="it" id="P4" Type="Itself"/>
<Product spans="421~423" text="it" id="P5" Type="Itself"/>
<Product spans="481~491" text="supplement" id="P6" Type="Itself"/>
<Cancer_type spans="575~581" text="breast" id="C1" Certainty="Hypothetical" Class="Human"/>
<Favorable_outcome spans="366~401" text="before the symptoms were gone again" id="F2" Class="Other" Certainty="Positive"/>
<Favorable_outcome spans="409~423" text="happy using it" id="F3" Class="Other" Certainty="Positive"/>
<Harmful_outcome spans="549~608" text="increase incidence of the breast and other types of cancers" id="H0" Class="Cancer_related" Certainty="Hypothetical"/>
</TAGS>
<META/>
</Amazon_Review>