<?xml version="1.0" encoding="UTF-8" ?>
<Amazon_Review>
<TEXT><![CDATA[Set Of 4 Pink Silicone Breast Cancer Awareness Bracelets / Assorted

Thinner and flimsier than others I've seen ...  gets moldy if taken into shower. it was disappointing when it arrived
]]></TEXT>
<TAGS>
<Cancer_type spans="23~36" text="breast cancer" id="C0" Certainty="Hypothetical" Class="Human"/>
<Product spans="14~56" text="Silicone Breast Cancer Awareness Bracelets" id="P0" Type="Itself"/>
<Product spans="95~101" text="others" id="P1" Type="Other"/>
<Product spans="150~152" text="it" id="P2" Type="Itself"/>
<Product spans="176~178" text="it" id="P3" Type="Itself"/>
<Harmful_outcome spans="117~148" text="gets moldy if taken into shower" id="H1" Class="Other" Certainty="Positive"/>
</TAGS>
<META/>
</Amazon_Review>