<?xml version="1.0" encoding="UTF-8" ?>
<Amazon_Review>
<TEXT><![CDATA[Thera Tears Nutrition, 1200mg Omega-3 Supplement Capsules, 90-Count

After removal of a carcinoma on my lower eyelid and all the following surgery, my eye did not close completely.  This resulted in the drying out of my cornea.  My doctor recommended a combination treatment of the Thera Tears Gel capsules and the Thera Tear Eyedrops.  Now, I seldom have any dry eye discomfort.
]]></TEXT>
<TAGS>
<Product spans="0~21" text="Thera Tears Nutrition" id="P0" Type="Itself"/>
<Cancer_type spans="88~116" text="carcinoma on my lower eyelid" id="C0" Certainty="Positive" Class="Human"/>
<Indicated_symptom spans="203~226" text="drying out of my cornea" id="I0" Class="Cancer_related" Certainty="Positive"/>
<Indicated_symptom spans="360~367" text="dry eye" id="I1" Class="Cancer_related" Certainty="Positive"/>
<Favorable_outcome spans="344~378" text="seldom have any dry eye discomfort" id="F0" Class="Cancer_related" Certainty="Positive"/>
<Product spans="282~306" text="Thera Tears Gel capsules" id="P1" Type="Itself"/>
<Product spans="315~334" text="Thera Tear Eyedrops" id="P2" Type="Itself"/>
</TAGS>
<META/>
</Amazon_Review>