<?xml version="1.0" encoding="UTF-8" ?>
<Amazon_Review>
<TEXT><![CDATA[Enzymatic Therapy Cell Forte W/ip-6, 240 Capsules

This product boosts the immune systems ability to fight disease. I have noticed it helps me with overcome regular bouts with sinus infections. Some have claimed it even helps patients who are taking cancer treatments. One note though, it inhibits absorption of B12 (from what I've heard), so it might be a good idea to increase your intake of that.
]]></TEXT>
<TAGS>
<Product spans="0~28" text="Enzymatic Therapy Cell Forte" id="P0" Type="Itself"/>
<Product spans="31~35" text="ip-6" id="P1" Type="Itself"/>
<Product spans="56~63" text="product" id="P2" Type="Itself"/>
<Favorable_outcome spans="64~114" text="boosts the immune systems ability to fight disease" id="F0" Class="Other" Certainty="Hypothetical"/>
<Product spans="131~133" text="it" id="P3" Type="Itself"/>
<Cancer_type spans="250~256" text="cancer" id="C0" Certainty="Positive" Class="Human"/>
<Favorable_outcome spans="134~192" text="helps me with overcome regular bouts with sinus infections" id="F1" Class="Other" Certainty="Positive"/>
<Favorable_outcome spans="215~267" text="even helps patients who are taking cancer treatments" id="F2" Class="Cancer_related" Certainty="Positive"/>
<Product spans="286~288" text="it" id="P4" Type="Itself"/>
<Harmful_outcome spans="289~315" text="inhibits absorption of B12" id="H0" Class="Cancer_related" Certainty="Positive"/>
<Product spans="343~345" text="it" id="P5" Type="Itself"/>
<Product spans="394~398" text="that" id="P6" Type="Itself"/>
<Product spans="212~214" text="it" id="P7" Type="Itself"/>
</TAGS>
<META/>
</Amazon_Review>