<?xml version="1.0" encoding="UTF-8" ?>
<Amazon_Review>
<TEXT><![CDATA[Krill Oil 1000mg - Neptune Krill Oil - Contains High Concetration of Astaxanthin - Higher in Omega 3 than Fish Oil - Great for Maintaining Cardiovascular Health - Supports Brain Health - Immune System Boost - 1000mg Per Serving, 30 Serving, 60 Softgels

I have always wondered what krill oil does for the body. Since I started taking these, I am more alert and my joints that have hurt for years, are starting to ease. I am happy to learn that it is also a cancer preventive oil, I have had pre-cancer cells found in my body. I am confident with my research that I have the upper end to delay, if not stop the cells from taking over while I'm still in my prime years. Highly recommend.
]]></TEXT>
<TAGS>
<Product spans="0~9" text="Krill Oil" id="P0" Type="Itself"/>
<Product spans="282~291" text="Krill Oil" id="P1" Type="Itself"/>
<Product spans="27~36" text="Krill Oil" id="P2" Type="Itself"/>
<Product spans="334~339" text="these" id="P3" Type="Itself"/>
<Favorable_outcome spans="346~356" text="more alert" id="F0" Class="Other" Certainty="Positive"/>
<Favorable_outcome spans="364~417" text="joints that have hurt for years, are starting to ease" id="F1" Class="Other" Certainty="Positive"/>
<Product spans="444~446" text="it" id="P4" Type="Itself"/>
<Cancer_type spans="457~463" text="cancer" id="C0" Certainty="Hypothetical" Class="Human"/>
<Favorable_outcome spans="457~474" text="cancer preventive" id="F2" Class="Cancer_related" Certainty="Hypothetical"/>
<Cancer_type spans="495~501" text="cancer" id="C1" Certainty="Possible" Class="Human"/>
<Indicated_symptom spans="491~507" text="pre-cancer cells" id="I0" Class="Cancer_related" Certainty="Positive"/>
<Favorable_outcome spans="668~684" text="highly recommend" id="F3" Class="Other" Certainty="Positive"/>
</TAGS>
<META/>
</Amazon_Review>