<?xml version="1.0" encoding="UTF-8" ?>
<Amazon_Review>
<TEXT><![CDATA[Vitamin B17 500 Mg Tablets

Yes it heals cancer. Do a search for B17 reviews on you tube. I am 180 pounds and took 1000mg a day for three days in a row and then backed off to 500mg because of a little bit of dizziness but it healed up a mole that I had taken off myself with Oregano oil and was not healing. It quickened the process as it went 8 months with no closing of the mole area. Now all that is left is a scab and no visit to the Dermatologist.
]]></TEXT>
<TAGS>
<Product spans="0~11" text="Vitamin B17" id="P0" Type="Itself"/>
<Product spans="32~34" text="it" id="P1" Type="Itself"/>
<Cancer_type spans="41~47" text="cancer" id="C0" Certainty="Positive" Class="Human"/>
<Favorable_outcome spans="35~47" text="heals cancer" id="F0" Class="Cancer_related" Certainty="Positive"/>
<Product spans="65~68" text="B17" id="P2" Type="Itself"/>
<Harmful_outcome spans="194~217" text="little bit of dizziness" id="H0" Class="Other" Certainty="Positive"/>
<Product spans="222~224" text="it" id="P3" Type="Itself"/>
<Product spans="308~310" text="it" id="P4" Type="Itself"/>
<Indicated_symptom spans="237~241" text="mole" id="I0" Class="Other" Certainty="Positive"/>
<Favorable_outcome spans="225~241" text="healed up a mole" id="F1" Class="Other" Certainty="Positive"/>
<Indicated_symptom spans="376~380" text="mole" id="I1" Class="Other" Certainty="Positive"/>
<Indicated_symptom spans="413~417" text="scab" id="I2" Class="Other" Certainty="Positive"/>
</TAGS>
<META/>
</Amazon_Review>