<?xml version="1.0" encoding="UTF-8" ?>
<Amazon_Review>
<TEXT><![CDATA[Resvinatrol Complete Liquid (32 oz) - WITH proven Cholesterol Lowering Plant Sterols, CoQ10, and Omega 3

We suffer from chronic Lyme, and work very hard to keep it in remission.  One of the issues my husband was having was outrageously high cholesterol (at one time 900!!) due to impaired liver function.  of course, his Dr wanted him on a statin, which my husband believes contributed to his fathers early death from liver cancer.  We decided to fill the script, but try a few other things first and see if he could get the numbers down on his own.  The next Dr's visit they did the blood work, and his total cholesterol was just over 200, not perfect but a huge improvement.  His Dr says &#34;great- stay on the statin!&#34; not realizing he never took it.Long story short, my husband's cholesterol continues to stay below 200 with no use of statins.  This with Qunol liquid CoQ10 we believe to be the key.  It may not work miracles for you, but it tastes great, unlike some others we have tried, so as long as he is getting good test results, we will keep using these products which we feel have more health benefits to boot!
]]></TEXT>
<TAGS>
<Product spans="0~27" text="Resvinatrol Complete Liquid" id="P0" Type="Itself"/>
<Indicated_symptom spans="121~133" text="chronic Lyme" id="I0" Class="Other" Certainty="Positive"/>
<Indicated_symptom spans="237~253" text="high cholesterol" id="I1" Class="Other" Certainty="Positive"/>
<Indicated_symptom spans="281~304" text="impaired liver function" id="I2" Class="Other" Certainty="Positive"/>
<Cancer_type spans="419~431" text="liver cancer" id="C0" Certainty="Positive" Class="Human"/>
<Product spans="855~859" text="this" id="P1" Type="Itself"/>
<Product spans="865~883" text="Qunol liquid CoQ10" id="P2" Type="Other"/>
<Favorable_outcome spans="790~852" text="cholesterol continues to stay below 200 with no use of statins" id="F0" Class="Other" Certainty="Positive"/>
<Product spans="911~913" text="it" id="P3" Type="Itself"/>
<Product spans="949~951" text="it" id="P4" Type="Itself"/>
<Favorable_outcome spans="952~964" text="tastes great" id="F1" Class="Other" Certainty="Positive"/>
<Product spans="978~984" text="others" id="P5" Type="Other"/>
<Favorable_outcome spans="1028~1045" text="good test results" id="F2" Class="Other" Certainty="Positive"/>
<Product spans="1072~1080" text="products" id="P6" Type="Itself"/>
<Favorable_outcome spans="1090~1128" text="feel have more health benefits to boot" id="F3" Class="Other" Certainty="Positive"/>
</TAGS>
<META/>
</Amazon_Review>