<?xml version="1.0" encoding="UTF-8" ?>
<Amazon_Review>
<TEXT><![CDATA[PetAlive C-Caps - Promote Complete Cellular Health

I read up on this product before purchasing.I found that it promotes cellular health and regrowth. My dog has cancer and I have been using it with her as a natural way to help her fight off the cancer cells. So far she is responding well to it.I am not a vet and have no medical training, I am only speaking of my personal experience with this product.
]]></TEXT>
<TAGS>
<Product spans="0~15" text="PetAlive C-Caps" id="P0" Type="Itself"/>
<Product spans="70~77" text="product" id="P1" Type="Itself"/>
<Product spans="109~111" text="it" id="P2" Type="Itself"/>
<Cancer_type spans="162~168" text="cancer" id="C0" Certainty="Positive" Class="Pet"/>
<Favorable_outcome spans="112~136" text="promotes cellular health" id="F0" Class="Cancer_related" Certainty="Hypothetical"/>
<Favorable_outcome spans="141~149" text="regrowth" id="F1" Class="Cancer_related" Certainty="Hypothetical"/>
<Product spans="191~193" text="it" id="P3" Type="Itself"/>
<Cancer_type spans="246~252" text="cancer" id="C1" Certainty="Positive" Class="Pet"/>
<Product spans="293~295" text="it" id="P4" Type="Itself"/>
<Product spans="396~403" text="product" id="P5" Type="Itself"/>
<Favorable_outcome spans="223~258" text="help her fight off the cancer cells" id="F2" Class="Cancer_related" Certainty="Positive"/>
<Favorable_outcome spans="274~289" text="responding well" id="F3" Class="Cancer_related" Certainty="Positive"/>
</TAGS>
<META/>
</Amazon_Review>