<?xml version="1.0" encoding="UTF-8" ?>
<Amazon_Review>
<TEXT><![CDATA[Enzymatic Therapy Cell Forte W/ip-6, 240 Capsules

I'm a cancer survivor and a friend shared this item with me.  I'm trying it along with my regular vitamins that I take.
]]></TEXT>
<TAGS>
<Product spans="0~28" text="Enzymatic Therapy Cell Forte" id="P0" Type="Itself"/>
<Product spans="31~35" text="ip-6" id="P1" Type="Itself"/>
<Cancer_type spans="57~63" text="cancer" id="C0" Certainty="Positive" Class="Human"/>
<Product spans="98~102" text="item" id="P2" Type="Itself"/>
<Product spans="124~126" text="it" id="P3" Type="Itself"/>
</TAGS>
<META/>
</Amazon_Review>