<?xml version="1.0" encoding="UTF-8" ?>
<Amazon_Review>
<TEXT><![CDATA[Dr. Mercola Pro-Optimal Whey - Vanilla

I trust his products. I take my protein shakes very seriously since there are many brands that contain the toxic metals in them that can cause cancers and other diseases. Do your research first before you purchase any protein shakes or bars to make sure that it is a clean source or the metal level is in the acceptable amount. No amount should be allowed but obviously, there will be some in them. I drink my protein shakes each for my immune and gut health. Mercola has other types of protein shakes but this has the lacoferrin that is immune enhancing feature.
]]></TEXT>
<TAGS>
<Product spans="52~60" text="products" id="P1" Type="Itself"/>
<Product spans="0~28" text="Dr. Mercola Pro-Optimal Whey" id="P2" Type="Itself"/>
<Cancer_type spans="183~190" text="cancers" id="C0" Certainty="Hypothetical" Class="Human"/>
<Product spans="72~86" text="protein shakes" id="P3" Type="Itself"/>
<Product spans="258~272" text="protein shakes" id="P4" Type="Itself"/>
<Product spans="450~464" text="protein shakes" id="P5" Type="Itself"/>
<Product spans="299~301" text="it" id="P6" Type="Itself"/>
<Product spans="527~541" text="protein shakes" id="P7" Type="Itself"/>
<Favorable_outcome spans="550~602" text=" has the lacoferrin that is immune enhancing feature" id="F0" Class="Cancer_related" Certainty="Positive"/>
<Product spans="546~550" text="this" id="P8" Type="Itself"/>
</TAGS>
<META/>
</Amazon_Review>