<?xml version="1.0" encoding="UTF-8" ?>
<Amazon_Review>
<TEXT><![CDATA[Jarrow Formulas - Curcumin 95 500 mg 120 caps

It is suppose to kill cancer sells , so I think That it is a good thing to try since we all carry them
]]></TEXT>
<TAGS>
<Product spans="0~26" text="Jarrow Formulas - Curcumin" id="P0" Type="Itself"/>
<Product spans="47~49" text="it" id="P1" Type="Itself"/>
<Cancer_type spans="69~75" text="cancer" id="C0" Certainty="Hypothetical" Class="Human"/>
<Favorable_outcome spans="53~81" text="suppose to kill cancer sells" id="F0" Class="Cancer_related" Certainty="Hypothetical"/>
<Product spans="100~102" text="it" id="P2" Type="Itself"/>
</TAGS>
<META/>
</Amazon_Review>