<?xml version="1.0" encoding="UTF-8" ?>
<Amazon_Review>
<TEXT><![CDATA[Brevail Proactive Breast Health Capsules, 30-Count Box

This was recommended to my last year by my breast cancer surgeon.  It is something that I now take all the time.
]]></TEXT>
<TAGS>
<Product spans="0~40" text="Brevail Proactive Breast Health Capsules" id="P0" Type="Itself"/>
<Product spans="56~60" text="this" id="P1" Type="Itself"/>
<Cancer_type spans="99~112" text="breast cancer" id="C0" Certainty="Possible" Class="Human"/>
<Product spans="123~125" text="it" id="P2" Type="Itself"/>
<Favorable_outcome spans="150~167" text="take all the time" id="F0" Class="Cancer_related" Certainty="Positive"/>
</TAGS>
<META/>
</Amazon_Review>