<?xml version="1.0" encoding="UTF-8" ?>
<Amazon_Review>
<TEXT><![CDATA[Miaderm Radiation Relief 4 Oz

I have had twenty treatments of radiation for skin cancer. This miaderm of all the burn ointments I have tried is the only one that gives me any relief.  It is expensive but worth it.
]]></TEXT>
<TAGS>
<Product spans="0~24" text="Miaderm Radiation Relief" id="P0" Type="Itself"/>
<Cancer_type spans="77~88" text="skin cancer" id="C0" Certainty="Positive" Class="Human"/>
<Product spans="95~102" text="miaderm" id="P1" Type="Itself"/>
<Favorable_outcome spans="163~182" text="gives me any relief" id="F0" Class="Cancer_related" Certainty="Positive"/>
<Product spans="154~157" text="one" id="P2" Type="Itself"/>
<Product spans="185~187" text="it" id="P3" Type="Itself"/>
<Favorable_outcome spans="191~213" text="expensive but worth it" id="F1" Class="Cancer_related" Certainty="Positive"/>
<Product spans="114~128" text="burn ointments" id="P4" Type="Itself"/>
</TAGS>
<META/>
</Amazon_Review>