<?xml version="1.0" encoding="UTF-8" ?>
<Amazon_Review>
<TEXT><![CDATA[Sunwarrior Immune Shield, 8 fl oz. (FFP)

I first bought this at a health food store.  When I went back for a second bottle, they were sold out.  The other silver products that they had in stock contained less parts per million of the silver.  This Sunwarrior one was by far a better value.  It was obvious why this one was gone with others in stock.  I'm glad that I found it here on Amazon.  I've bought 6 bottles so far for myself and others.I take a teaspoon almost every morning for general health.I also use it when I first feel a cold or flu coming.  It has prevented me from getting the full-blown illness.  I usually would take it 2 or 3 times in the day.  However, I think following the instructions on the bottle would give even better, faster results.  It says that at the first sign of symptoms, take 1/2 teaspoon every 30 minutes.  It doesn't say how long to do that, however.  I suppose that it's up to the person taking it as to how long that should be done.  I would think for a few hours.  I now have one bottle at work so that I can do this during the day, if needed.It is also helpful for pain.  One theory is that pain is an interruption in the electrical current in the body.  The silver bridges the gap.  Someone has had terrible pain from shingles and herpetic neuralgia, which sometimes happens after shingles.  Taking this has helped him tremendously in reducing the pain.Some people use it for more serious conditions, such as cancer, etc.  If you do some research on the internet about the medical uses of silver, you will see that it goes way back, over a hundred years ago.  Just make sure that you're using a quality product and following instructions.  It's very safe if used correctly.
]]></TEXT>
<TAGS>
<Product spans="0~24" text="Sunwarrior Immune Shield" id="P0" Type="Itself"/>
<Product spans="57~61" text="this" id="P1" Type="Itself"/>
<Product spans="249~259" text="Sunwarrior" id="P2" Type="Itself"/>
<Product spans="311~319" text="this one" id="P3" Type="Itself"/>
<Product spans="374~376" text="it" id="P4" Type="Itself"/>
<Indicated_symptom spans="488~502" text="general health" id="I0" Class="Other" Certainty="Positive"/>
<Product spans="514~516" text="it" id="P5" Type="Itself"/>
<Indicated_symptom spans="537~541" text="cold" id="I1" Class="Other" Certainty="Positive"/>
<Indicated_symptom spans="545~548" text="flu" id="I2" Class="Other" Certainty="Positive"/>
<Product spans="558~560" text="it" id="P6" Type="Itself"/>
<Favorable_outcome spans="565~613" text="prevented me from getting the full-blown illness" id="F0" Class="Other" Certainty="Positive"/>
<Product spans="637~639" text="it" id="P7" Type="Itself"/>
<Product spans="936~938" text="it" id="P8" Type="Itself"/>
<Product spans="1023~1029" text="bottle" id="P9" Type="Itself"/>
<Product spans="1086~1088" text="it" id="P10" Type="Itself"/>
<Favorable_outcome spans="1097~1113" text="helpful for pain" id="F1" Class="Other" Certainty="Positive"/>
<Indicated_symptom spans="1253~1257" text="pain" id="I3" Class="Other" Certainty="Positive"/>
<Product spans="1344~1348" text="this" id="P11" Type="Itself"/>
<Favorable_outcome spans="1353~1376" text="helped him tremendously" id="F2" Class="Other" Certainty="Positive"/>
<Indicated_symptom spans="1393~1397" text="pain" id="I4" Class="Cancer_related" Certainty="Positive"/>
<Favorable_outcome spans="1380~1397" text="reducing the pain" id="F3" Class="Other" Certainty="Positive"/>
<Product spans="1414~1416" text="it" id="P12" Type="Itself"/>
<Cancer_type spans="1454~1460" text="cancer" id="C0" Certainty="Hypothetical" Class="Human"/>
<Product spans="1560~1562" text="it" id="P13" Type="Itself"/>
<Product spans="1648~1655" text="product" id="P14" Type="Itself"/>
<Product spans="163~171" text="products" id="P15" Type="Other"/>
<Favorable_outcome spans="268~289" text="by far a better value" id="F4" Class="Other" Certainty="Positive"/>
<Favorable_outcome spans="1690~1717" text="very safe if used correctly" id="F5" Class="Other" Certainty="Positive"/>
</TAGS>
<META/>
</Amazon_Review>