<?xml version="1.0" encoding="UTF-8" ?>
<Amazon_Review>
<TEXT><![CDATA[Pycnogenol 100mg (60 Capsules)

I discovered this product after trying to find something to combat the hot flashes I get from taking the drug Tamoxifen after having breast cancer (survivor!).  I tried so many other herbal remedies that did not help, but found Pycnogenol and found it does the job.  Take 1 a day in the cooler months and 2 a day in the summer.  It greatly dimenishes the hot flashes!
]]></TEXT>
<TAGS>
<Product spans="0~10" text="Pycnogenol" id="P0" Type="Itself"/>
<Product spans="50~57" text="product" id="P1" Type="Itself"/>
<Indicated_symptom spans="103~114" text="hot flashes" id="I0" Class="Other" Certainty="Positive"/>
<Cancer_type spans="165~178" text="breast cancer" id="C0" Certainty="Positive" Class="Human"/>
<Product spans="260~270" text="Pycnogenol" id="P2" Type="Itself"/>
<Product spans="281~283" text="it" id="P3" Type="Itself"/>
<Favorable_outcome spans="284~296" text="does the job" id="F0" Class="Other" Certainty="Positive"/>
<Product spans="361~363" text="it" id="P4" Type="Itself"/>
<Indicated_symptom spans="387~398" text="hot flashes" id="I1" Class="Cancer_related" Certainty="Positive"/>
<Favorable_outcome spans="364~398" text="greatly dimenishes the hot flashes" id="F1" Class="Other" Certainty="Positive"/>
</TAGS>
<META/>
</Amazon_Review>