<?xml version="1.0" encoding="UTF-8" ?>
<Amazon_Review>
<TEXT><![CDATA[Limited Edition PedEgg Ped Egg Foot File- Pink

So we got this about a month ago for me, my mom and my daughter.  We all have pretty rough feet and can't afford to go to the salon all the time for pedicures.  After reading reviews we settled on the Ped Egg, and of course because of Breast Cancer and the fact that it is my favorite color went with the pink one.  At first I was using it every day for a week and I think I noticed a difference in the bottom of my feet.  Then I forgot about it and just found it again, my feet got pretty beat up again so I started using it again over the weekend. It is doing a good job, it is just hard to do my big toe though.  So far we are happy with our purchase.
]]></TEXT>
<TAGS>
<Product spans="16~40" text="PedEgg Ped Egg Foot File" id="P0" Type="Itself"/>
<Product spans="58~62" text="this" id="P1" Type="Itself"/>
<Cancer_type spans="283~296" text="breast cancer" id="C0" Certainty="Hypothetical" Class="Human"/>
<Product spans="249~256" text="Ped Egg" id="P2" Type="Itself"/>
<Product spans="358~361" text="one" id="P3" Type="Itself"/>
<Product spans="385~387" text="it" id="P4" Type="Itself"/>
<Favorable_outcome spans="423~468" text="noticed a difference in the bottom of my feet" id="F0" Class="Other" Certainty="Positive"/>
<Product spans="491~493" text="it" id="P5" Type="Itself"/>
<Product spans="509~511" text="it" id="P6" Type="Itself"/>
<Product spans="571~573" text="it" id="P7" Type="Itself"/>
<Product spans="598~600" text="it" id="P8" Type="Itself"/>
<Favorable_outcome spans="604~620" text="doing a good job" id="F1" Class="Other" Certainty="Positive"/>
<Product spans="622~624" text="it" id="P9" Type="Itself"/>
<Favorable_outcome spans="678~701" text="happy with our purchase" id="F2" Class="Other" Certainty="Positive"/>
<Indicated_symptom spans="126~143" text="pretty rough feet" id="I0" Class="Other" Certainty="Positive"/>
<Indicated_symptom spans="519~545" text="my feet got pretty beat up" id="I1" Class="Cancer_related" Certainty="Positive"/>
</TAGS>
<META/>
</Amazon_Review>