<?xml version="1.0" encoding="UTF-8" ?>
<Amazon_Review>
<TEXT><![CDATA[Orahealth Xylimelts Mints, 80-Count Boxes

Helps for Dry Mouth resulting from radiation for throat cancer.  We had trouble finding something that worked and these do.
]]></TEXT>
<TAGS>
<Cancer_type spans="92~105" text="throat cancer" id="C0" Certainty="Positive" Class="Human"/>
<Product spans="0~25" text="Orahealth Xylimelts Mints" id="P0" Type="Itself"/>
<Indicated_symptom spans="53~62" text="Dry Mouth" id="I0" Class="Cancer_related" Certainty="Positive"/>
<Product spans="157~162" text="these" id="P1" Type="Itself"/>
<Favorable_outcome spans="115~165" text="trouble finding something that worked and these do" id="F0" Class="Cancer_related" Certainty="Positive"/>
</TAGS>
<META/>
</Amazon_Review>