<?xml version="1.0" encoding="UTF-8" ?>
<Amazon_Review>
<TEXT><![CDATA[Graviola Leaves/Soursop leaves(guanabana)200 plus leaves

These are known to cure cancer of many types. I gave it to my co worker for a family member of hers and she says they didn't do much but they did make her feel better at the moment. It's worth a try.
]]></TEXT>
<TAGS>
<Product spans="0~30" text="Graviola Leaves/Soursop leaves" id="P0" Type="Itself"/>
<Product spans="58~63" text="these" id="P1" Type="Itself"/>
<Cancer_type spans="82~88" text="cancer" id="C0" Certainty="Positive" Class="Human"/>
<Favorable_outcome spans="77~88" text="cure cancer" id="F0" Class="Cancer_related" Certainty="Positive"/>
<Product spans="111~113" text="it" id="P2" Type="Itself"/>
<Favorable_outcome spans="213~224" text="feel better" id="F1" Class="Cancer_related" Certainty="Positive"/>
<Favorable_outcome spans="245~256" text="worth a try" id="F2" Class="Cancer_related" Certainty="Positive"/>
<Product spans="195~199" text="They" id="P3" Type="Itself"/>
<Product spans="240~242" text="it" id="P4" Type="Itself"/>
<Harmful_outcome spans="176~190" text="didn't do much" id="H0" Class="Cancer_related" Certainty="Positive"/>
</TAGS>
<META/>
</Amazon_Review>