<?xml version="1.0" encoding="UTF-8" ?>
<Amazon_Review>
<TEXT><![CDATA[Premium Liver Support &amp; Detox Cleanse Supplements w/ Milk Thistle, N-Acetyl-Cysteine, Turmeric Root Extract, Dandelion Root Extract, Vitamin C &amp; B And More - 100% Natural Complete Herbal Formula To Support Liver Health &amp; Function - 60 Vcaps - Vegetarian Formula

I am a colon cancer survivor ( 6 years) and am still haunted by some Chemo side effects. The well being of my liver is very important to me, so....for years I have taken Milk Thistle morning and night. This product here has many other ingredients in addition to the Milk Thistle and I am impressed.  More is not always better, but in this case, looking at all the ingredients and knowing that my body is trying very hard to rid itself of all the old ( and new) toxins every day.......I feel better protected....I hope my liver is smiling......Trudy in Winter Haven&#60;:)
]]></TEXT>
<TAGS>
<Product spans="0~21" text="Premium Liver Support" id="P0" Type="Itself"/>
<Cancer_type spans="282~294" text="colon cancer" id="C0" Certainty="Positive" Class="Human"/>
<Product spans="445~457" text="Milk Thistle" id="P1" Type="Itself"/>
<Product spans="57~69" text="Milk Thistle" id="P2" Type="Itself"/>
<Product spans="482~489" text="product" id="P3" Type="Itself"/>
<Product spans="541~553" text="Milk Thistle" id="P4" Type="Itself"/>
<Favorable_outcome spans="563~572" text="impressed" id="F0" Class="Other" Certainty="Positive"/>
<Favorable_outcome spans="761~782" text="feel better protected" id="F1" Class="Other" Certainty="Positive"/>
<Indicated_symptom spans="339~362" text="some Chemo side effects" id="I0" Class="Cancer_related" Certainty="Positive"/>
</TAGS>
<META/>
</Amazon_Review>