<?xml version="1.0" encoding="UTF-8" ?>
<Amazon_Review>
<TEXT><![CDATA[Best Curcumin C3 Complex with Bioperine (1000 mg), Tablets, 120-Count

Don't want to write too much.  Had bladder cancer.  Did huge amount of research and reading of medical abstracts.  Celbrex has powerful anti- cancer effects as well as anti-inflammatory effects. So does curcumin.  But for either to be highly effective a person would have to take almost a toxic amount. Researchers have discoverd that in combination they have a synergystic effect. So they multiply the effects of each other without toxicity.  I no longer have arthritc pain or back pain and the bladder cancer has not returned in 2 1/2 years (after treatment)...Curcumin is tumeric, used in ancient Indian medicine and mentioned in the bible.
]]></TEXT>
<TAGS>
<Product spans="0~39" text="Best Curcumin C3 Complex with Bioperine" id="P0" Type="Itself"/>
<Cancer_type spans="106~120" text="bladder cancer" id="C0" Certainty="Positive" Class="Human"/>
<Cancer_type spans="213~219" text="cancer" id="C1" Certainty="Hypothetical" Class="Human"/>
<Indicated_symptom spans="239~264" text="anti-inflammatory effects" id="I0" Class="Cancer_related" Certainty="Positive"/>
<Product spans="274~282" text="curcumin" id="P1" Type="Itself"/>
<Indicated_symptom spans="532~545" text="arthritc pain" id="I1" Class="Cancer_related" Certainty="Positive"/>
<Favorable_outcome spans="517~545" text="no longer have arthritc pain" id="F0" Class="Cancer_related" Certainty="Positive"/>
<Indicated_symptom spans="549~558" text="back pain" id="I2" Class="Cancer_related" Certainty="Positive"/>
<Cancer_type spans="567~581" text="bladder cancer" id="C2" Certainty="Positive" Class="Human"/>
<Favorable_outcome spans="567~598" text="bladder cancer has not returned" id="F1" Class="Cancer_related" Certainty="Positive"/>
<Product spans="634~642" text="curcumin" id="P2" Type="Itself"/>
<Product spans="646~653" text="Tumeric" id="P3" Type="Itself"/>
</TAGS>
<META/>
</Amazon_Review>