<?xml version="1.0" encoding="UTF-8" ?>
<Amazon_Review>
<TEXT><![CDATA[Bitter Raw Apricot Kernels - 1 Lb Bag

My 10 year old German Shepherd Mix had a tumor on her side and I didn't know what else to do, came upon these kernels in search of something to help her. After reading reviews and then doing my own research of Apricot Kernels I gave these a try. She hated the taste so I had to mix them in her food, but my Red Heeler pup absolutely loves these things.After a month of giving my older dog 3 of these a day for the first 2 weeks and then 6 the last 2 weeks a day the tumor is gone and has not returned. It has been 4 months since stopping the kernels because I was out of town and could not continue them that the tumor went away and has not returned.My old dog did not get any stomach issues and these had no affect on her at all other than making her tumor go away. The tumor was about the size of a walnut and soft to the touch.I'm so happy these worked and that we didn't have to take her to the vet for chemicals that would have made her sick or other treatments that would have cost a fortune. Natural remedies are our first choice, but if these had not worked we were ready to visit the vet instead.
]]></TEXT>
<TAGS>
<Product spans="0~26" text="Bitter Raw Apricot Kernels" id="P0" Type="Itself"/>
<Product spans="149~156" text="kernels" id="P1" Type="Itself"/>
<Cancer_type spans="80~85" text="tumor" id="C0" Certainty="Positive" Class="Pet"/>
<Product spans="249~264" text="Apricot Kernels" id="P2" Type="Itself"/>
<Product spans="272~277" text="these" id="P3" Type="Itself"/>
<Product spans="321~325" text="them" id="P4" Type="Itself"/>
<Product spans="378~383" text="these" id="P5" Type="Itself"/>
<Favorable_outcome spans="361~383" text="absolutely loves these" id="F0" Class="Other" Certainty="Positive"/>
<Product spans="433~438" text="these" id="P6" Type="Itself"/>
<Cancer_type spans="505~510" text="tumor" id="C1" Certainty="Positive" Class="Human"/>
<Favorable_outcome spans="505~518" text="tumor is gone" id="F1" Class="Cancer_related" Certainty="Positive"/>
<Favorable_outcome spans="523~539" text="has not returned" id="F2" Class="Cancer_related" Certainty="Positive"/>
<Product spans="581~588" text="kernels" id="P7" Type="Itself"/>
<Product spans="638~642" text="them" id="P8" Type="Itself"/>
<Cancer_type spans="652~657" text="tumor" id="C2" Certainty="Positive" Class="Human"/>
<Favorable_outcome spans="672~688" text="has not returned" id="F3" Class="Cancer_related" Certainty="Positive"/>
<Favorable_outcome spans="652~667" text="tumor went away" id="F4" Class="Cancer_related" Certainty="Positive"/>
<Favorable_outcome spans="700~730" text="did not get any stomach issues" id="F5" Class="Cancer_related" Certainty="Positive"/>
<Product spans="735~740" text="these" id="P9" Type="Itself"/>
<Cancer_type spans="791~796" text="tumor" id="C3" Certainty="Positive" Class="Human"/>
<Favorable_outcome spans="745~804" text="no affect on her at all other than making her tumor go away" id="F6" Class="Cancer_related" Certainty="Positive"/>
<Cancer_type spans="810~815" text="tumor" id="C4" Certainty="Positive" Class="Human"/>
<Product spans="882~887" text="these" id="P10" Type="Itself"/>
<Product spans="1084~1089" text="these" id="P11" Type="Itself"/>
<Indicated_symptom spans="981~985" text="sick" id="I0" Class="Cancer_related" Certainty="Positive"/>
</TAGS>
<META/>
</Amazon_Review>