<?xml version="1.0" encoding="UTF-8" ?>
<Amazon_Review>
<TEXT><![CDATA[Crystal Body Deodorant Stick for Men, Unscented, 4.25 Ounce

What can I say?  This is a natural way to keep from generating a body odor from perspiration.  It doesn't contain any Aluminum, which is a component of so many deodorants/antipersirants and is believed to have links to cancer and neurological disorders.This product is not an antiperspirant.  It will not keep you dry.This product costs more than the $3 deodorant stick at the department store ... but, this one crystal stick will lasts for years with proper care.  You simply apply it to a damp underarm and you're done for the entire day.  I've gone for two, and occasionally, three days with only one application and remained free of offensive odor.
]]></TEXT>
<TAGS>
<Product spans="0~28" text="Crystal Body Deodorant Stick" id="P0" Type="Itself"/>
<Product spans="78~82" text="this" id="P1" Type="Itself"/>
<Product spans="156~158" text="it" id="P2" Type="Itself"/>
<Indicated_symptom spans="126~135" text="body odor" id="I0" Class="Other" Certainty="Positive"/>
<Cancer_type spans="280~286" text="cancer" id="C0" Certainty="Hypothetical" Class="Human"/>
<Product spans="319~326" text="product" id="P3" Type="Itself"/>
<Product spans="384~391" text="product" id="P4" Type="Itself"/>
<Product spans="473~486" text="crystal stick" id="P5" Type="Itself"/>
<Favorable_outcome spans="492~524" text="lasts for years with proper care" id="F0" Class="Other" Certainty="Positive"/>
<Product spans="544~546" text="it" id="P6" Type="Itself"/>
<Indicated_symptom spans="698~712" text="offensive odor" id="I1" Class="Other" Certainty="Positive"/>
<Favorable_outcome spans="681~712" text="remained free of offensive odor" id="F1" Class="Other" Certainty="Positive"/>
<Indicated_symptom spans="291~313" text="neurological disorders" id="I2" Class="Other" Certainty="Positive"/>
<Product spans="415~430" text="deodorant stick" id="P7" Type="Other"/>
<Product spans="354~356" text="it" id="P8" Type="Itself"/>
<Harmful_outcome spans="357~378" text="will not keep you dry" id="H0" Class="Cancer_related" Certainty="Positive"/>
</TAGS>
<META/>
</Amazon_Review>