<?xml version="1.0" encoding="UTF-8" ?>
<Amazon_Review>
<TEXT><![CDATA[s Linear Vortex Nano Arc Foil Shaving System, Silver", 

I have never liked electric razors because of a bad experience I had with one many years ago (which was a high end Remington at the time). Now at the age of 59 I've been diagnosed with neck cancer and have to undergo radiation treatments for six weeks. The people at the cancer center told me I had to use a electric razor because I couldn't afford nicks and cuts on my skin. The problem I had with that razor so many years ago was it caused a severe rash on my neck.Well, with haveing no other alternative I did some research on the net and found the Panasonic Nano Arc Foil Shaver. I have been shaving with it for three weeks now without any problems. My radiation treatments begin tomorrow, I feel very confident and pleased with my purchase. Thanks Panasonic... you saved my skin on this one.Bob Napiorski, Jersey City NJUpdate; It has been four months since I wrote my review of the razor, the radiation treatments ended two months ago. The treatments took quite a toll on my skin but the razor was not a problem, I shaved with it every day throughout the treatments and I still use it every morning. This is an outstanding product.Bob N.
]]></TEXT>
<TAGS>
<Product spans="0~44" text="s Linear Vortex Nano Arc Foil Shaving System" id="P0" Type="Itself"/>
<Cancer_type spans="242~253" text="neck cancer" id="C0" Certainty="Positive" Class="Human"/>
<Cancer_type spans="328~334" text="cancer" id="C1" Certainty="Negative" Class="Human"/>
<Product spans="365~379" text="electric razor" id="P1" Type="Itself"/>
<Product spans="609~639" text="Panasonic Nano Arc Foil Shaver" id="P2" Type="Itself"/>
<Product spans="666~668" text="it" id="P3" Type="Itself"/>
<Favorable_outcome spans="689~709" text="without any problems" id="F0" Class="Other" Certainty="Positive"/>
<Favorable_outcome spans="753~772" text="feel very confident" id="F1" Class="Other" Certainty="Positive"/>
<Favorable_outcome spans="777~801" text="pleased with my purchase" id="F2" Class="Other" Certainty="Positive"/>
<Product spans="945~950" text="razor" id="P4" Type="Itself"/>
<Product spans="1051~1056" text="razor" id="P5" Type="Itself"/>
<Product spans="1090~1092" text="it" id="P6" Type="Itself"/>
<Product spans="1145~1147" text="it" id="P7" Type="Itself"/>
<Product spans="1186~1193" text="product" id="P8" Type="Itself"/>
<Favorable_outcome spans="1174~1193" text="outstanding product" id="F3" Class="Other" Certainty="Positive"/>
<Product spans="76~91" text="electric razors" id="P9" Type="Other"/>
<Product spans="131~134" text="one" id="P10" Type="Other"/>
<Indicated_symptom spans="501~523" text="severe rash on my neck" id="I0" Class="Cancer_related" Certainty="Positive"/>
</TAGS>
<META/>
</Amazon_Review>