<?xml version="1.0" encoding="UTF-8" ?>
<Amazon_Review>
<TEXT><![CDATA[s Magnetic Clay RADIATION Bentonite Clay Bath", 

I am using this post Radiation treatment for cancer.  I felt relief after the first bath....!!  I will keep using it:)
]]></TEXT>
<TAGS>
<Cancer_type spans="95~101" text="cancer" id="C0" Certainty="Positive" Class="Human"/>
<Product spans="0~45" text="s Magnetic Clay RADIATION Bentonite Clay Bath" id="P0" Type="Itself"/>
<Product spans="61~65" text="this" id="P1" Type="Itself"/>
<Favorable_outcome spans="106~138" text="felt relief after the first bath" id="F0" Class="Cancer_related" Certainty="Positive"/>
<Product spans="164~166" text="it" id="P2" Type="Itself"/>
<Favorable_outcome spans="148~166" text="will keep using it" id="F1" Class="Cancer_related" Certainty="Positive"/>
</TAGS>
<META/>
</Amazon_Review>