<?xml version="1.0" encoding="UTF-8" ?>
<Amazon_Review>
<TEXT><![CDATA[Essiac 500mg Essiac International 60 VCaps

This is the best priced Essiac that I've found so far, and the veggie caps make it much easier to take than the powdered or tea versions.  Works great for what we needed it for too--Mom has lymphoma and has been taking this for years, and all of her lumps have receded!  You should check with your doctor though to make sure that this is the best option for you.
]]></TEXT>
<TAGS>
<Product spans="0~6" text="Essiac" id="P0" Type="Itself"/>
<Product spans="13~33" text="Essiac International" id="P1" Type="Itself"/>
<Product spans="44~48" text="this" id="P2" Type="Itself"/>
<Product spans="68~74" text="Essiac" id="P3" Type="Itself"/>
<Product spans="107~118" text="veggie caps" id="P4" Type="Itself"/>
<Cancer_type spans="234~242" text="lymphoma" id="C0" Certainty="Positive" Class="Human"/>
<Favorable_outcome spans="183~194" text="Works great" id="F1" Class="Other" Certainty="Positive"/>
<Product spans="214~216" text="it" id="P5" Type="Itself"/>
<Product spans="263~267" text="this" id="P6" Type="Itself"/>
<Indicated_symptom spans="294~299" text="lumps" id="I0" Class="Cancer_related" Certainty="Positive"/>
<Favorable_outcome spans="283~312" text="all of her lumps have receded" id="F2" Class="Cancer_related" Certainty="Positive"/>
<Product spans="374~378" text="this" id="P7" Type="Itself"/>
<Favorable_outcome spans="56~67" text="best priced" id="F3" Class="Other" Certainty="Positive"/>
<Product spans="124~126" text="it" id="P8" Type="Itself"/>
<Favorable_outcome spans="132~146" text="easier to take" id="F4" Class="Other" Certainty="Positive"/>
</TAGS>
<META/>
</Amazon_Review>