<?xml version="1.0" encoding="UTF-8" ?>
<Amazon_Review>
<TEXT><![CDATA[ALL NEW FORMULA! 80% HCA Garcinia Cambogia Extract Pure for Weight Loss As Seen on Dr Oz &#9733; LOSE WEIGHT OR YOUR MONEY BACK &#9733; With Potassium and Calcium to Aid Absorption - All Natural Fruit Extract with No Side Effects - Ultra Premium Fat Buster Dietary Supplement and Appetite Suppressant - No Fillers or Binders, No Artificial Ingredients - Made in USA - 100% Satisfaction &quot;Get Results&quot; Money-Back Guarantee

So I used to be the ever-chubby girl. I was chubby as a kid and I stayed chubby till recently. I wasn't fat enough to turn heads and it to ruin my social life, but I was a bit rounder that I should be for my own good. I don't care that much about looks as I do about my health. I know that even being overweight and not obese can cause you to get sick.I read this article in a scientific magazine that said that being normal weight is a great way to avoid getting some kinds of cancer. I totally am afraid of cancer since my dad died from bowel cancer when I was young. This is why I took this extract from the Garcinia fruit., so that I can avoid getting cancer like my dad and other fat-people diseases.I am extremely happy with it, just because I lose weight so easily. It wasn't extremely fast. I lost 26 pounds in four months, which is reasonable and healthy. You know losing weight extremely fast can be a very dangerous thing so it is good if you lose around ten pounds a month or so.This product is exactly what I needed. I stopped taking it now that I am skinny, but I still have a bottle for the naughty days when everyone is bent on stuffing me with food, like Christmas and Thanksgiving. It gets five stars from me without a doubt.
]]></TEXT>
<TAGS>
<Product spans="21~50" text="HCA Garcinia Cambogia Extract" id="P0" Type="Itself"/>
<Indicated_symptom spans="457~463" text="chubby" id="I0" Class="Other" Certainty="Positive"/>
<Indicated_symptom spans="476~482" text="chubby" id="I1" Class="Other" Certainty="Positive"/>
<Indicated_symptom spans="505~511" text="chubby" id="I2" Class="Other" Certainty="Positive"/>
<Cancer_type spans="941~947" text="cancer" id="C0" Certainty="Hypothetical" Class="Human"/>
<Cancer_type spans="971~983" text="bowel cancer" id="C1" Certainty="Positive" Class="Human"/>
<Cancer_type spans="910~916" text="cancer" id="C2" Certainty="Hypothetical" Class="Human"/>
<Product spans="1026~1033" text="extract" id="P1" Type="Itself"/>
<Cancer_type spans="1088~1094" text="cancer" id="C3" Certainty="Hypothetical" Class="Human"/>
<Product spans="1163~1165" text="it" id="P2" Type="Itself"/>
<Favorable_outcome spans="1142~1157" text="extremely happy" id="F0" Class="Other" Certainty="Positive"/>
<Favorable_outcome spans="1182~1203" text="lose weight so easily" id="F1" Class="Other" Certainty="Positive"/>
<Product spans="1205~1207" text="it" id="P3" Type="Itself"/>
<Favorable_outcome spans="1215~1229" text="extremely fast" id="F2" Class="Other" Certainty="Positive"/>
<Favorable_outcome spans="1233~1262" text="lost 26 pounds in four months" id="F3" Class="Other" Certainty="Positive"/>
<Product spans="1428~1435" text="product" id="P4" Type="Itself"/>
<Favorable_outcome spans="1439~1460" text="exactly what I needed" id="F4" Class="Other" Certainty="Positive"/>
<Product spans="1479~1481" text="it" id="P5" Type="Itself"/>
<Product spans="1523~1529" text="bottle" id="P6" Type="Itself"/>
<Product spans="1632~1634" text="it" id="P7" Type="Itself"/>
<Favorable_outcome spans="1640~1674" text="five stars from me without a doubt" id="F5" Class="Other" Certainty="Positive"/>
</TAGS>
<META/>
</Amazon_Review>