<?xml version="1.0" encoding="UTF-8" ?>
<Amazon_Review>
<TEXT><![CDATA[Life Extension Super Bio-curcumin, 400mg, Vegetarian Capsules, 60-Count

I have IgG lambda MGUS, a precursor to multiple myeloma, an incurable cancer. I have gone to an oncologist on a regular basis for years, so as to keep check of the amount of abnormal protein (from the MGUS) in my blood. After being on Bio-Curcumin for less than a year (taking one capsule every other day), the levels of abnormal protein in my blood dropped significantly. My oncologist is now letting my regular doctor follow me. It is my belief that the Curcumin has played a role in this reversal. I am 61 years old.
]]></TEXT>
<TAGS>
<Product spans="0~33" text="Life Extension Super Bio-curcumin" id="P0" Type="Itself"/>
<Cancer_type spans="143~149" text="cancer" id="C0" Certainty="Hypothetical" Class="Human"/>
<Indicated_symptom spans="80~95" text="IgG lambda MGUS" id="I0" Class="Cancer_related" Certainty="Positive"/>
<Cancer_type spans="112~128" text="multiple myeloma" id="C1" Certainty="Hypothetical" Class="Human"/>
<Indicated_symptom spans="274~278" text="MGUS" id="I1" Class="Cancer_related" Certainty="Positive"/>
<Product spans="312~320" text="curcumin" id="P1" Type="Itself"/>
<Product spans="354~361" text="capsule" id="P2" Type="Itself"/>
<Favorable_outcome spans="384~444" text="levels of abnormal protein in my blood dropped significantly" id="F0" Class="Cancer_related" Certainty="Positive"/>
<Product spans="529~537" text="curcumin" id="P3" Type="Itself"/>
<Favorable_outcome spans="542~572" text="played a role in this reversal" id="F1" Class="Cancer_related" Certainty="Positive"/>
</TAGS>
<META/>
</Amazon_Review>