<?xml version="1.0" encoding="UTF-8" ?>
<Amazon_Review>
<TEXT><![CDATA[AlgaeCal Plus - Plant Source Calcium Supplement - 90 Veggie Caps

Im taking algaelcal and strontium for approximately 6 months, i have osteoporosis as a result of breast cancer treatments and hormonal lack - the product is pricey and I'm increasingly disappointed for the poor quality the pills are packed - lots of them come open in the bottle and the powdery product is lost, meaning that i can't use them,  they are  expensive enough and there must be a better way to pack those pills so we don't miss them from our servings,  i just think is not fair to the customer and hope they are working for all the money they cost  - i have to take my bone density scan in a few months then i could know if this product is suitable for me
]]></TEXT>
<TAGS>
<Product spans="0~13" text="AlgaeCal Plus" id="P0" Type="Itself"/>
<Product spans="37~47" text="supplement" id="P1" Type="Itself"/>
<Product spans="53~64" text="veggie caps" id="P2" Type="Itself"/>
<Product spans="76~85" text="algaelcal" id="P3" Type="Itself"/>
<Indicated_symptom spans="135~147" text="osteoporosis" id="I0" Class="Cancer_related" Certainty="Positive"/>
<Product spans="90~99" text="strontium" id="P4" Type="Itself"/>
<Cancer_type spans="163~176" text="breast cancer" id="C0" Certainty="Positive" Class="Human"/>
<Product spans="212~219" text="product" id="P5" Type="Itself"/>
<Product spans="289~294" text="pills" id="P6" Type="Itself"/>
<Product spans="316~320" text="them" id="P7" Type="Itself"/>
<Product spans="338~344" text="bottle" id="P8" Type="Itself"/>
<Product spans="361~368" text="product" id="P9" Type="Itself"/>
<Product spans="403~407" text="them" id="P10" Type="Itself"/>
<Product spans="706~713" text="product" id="P11" Type="Itself"/>
<Product spans="580~584" text="They" id="P12" Type="Itself"/>
<Product spans="482~487" text="pills" id="P13" Type="Itself"/>
<Product spans="505~509" text="them" id="P14" Type="Itself"/>
</TAGS>
<META/>
</Amazon_Review>