<?xml version="1.0" encoding="UTF-8" ?>
<Amazon_Review>
<TEXT><![CDATA[Source Naturals Green Tea Extract 500mg, 120 Tablets (Pack of 2)

I supplement this ecgc extract with green tea I drink daily for added potency to fight off cancer and help diet
]]></TEXT>
<TAGS>
<Product spans="0~33" text="Source Naturals Green Tea Extract" id="P0" Type="Itself"/>
<Product spans="89~96" text="extract" id="P1" Type="Itself"/>
<Product spans="102~111" text="green tea" id="P2" Type="Itself"/>
<Cancer_type spans="157~163" text="cancer" id="C0" Certainty="Hypothetical" Class="Human"/>
<Favorable_outcome spans="147~163" text="fight off cancer" id="F0" Class="Cancer_related" Certainty="Hypothetical"/>
<Favorable_outcome spans="168~177" text="help diet" id="F1" Class="Other" Certainty="Hypothetical"/>
</TAGS>
<META/>
</Amazon_Review>