<?xml version="1.0" encoding="UTF-8" ?>
<Amazon_Review>
<TEXT><![CDATA[s Pride Turmeric Curcumin - 90 Capsules", 

This is a quality product. The capsules are small and were very easy to swallow.This is a good supplement to fight cancer.
]]></TEXT>
<TAGS>
<Product spans="0~25" text="s Pride Turmeric Curcumin" id="P0" Type="Itself"/>
<Product spans="62~69" text="product" id="P1" Type="Itself"/>
<Product spans="75~83" text="capsules" id="P2" Type="Itself"/>
<Favorable_outcome spans="88~93" text="small" id="F1" Class="Other" Certainty="Positive"/>
<Favorable_outcome spans="103~123" text="very easy to swallow" id="F2" Class="Other" Certainty="Positive"/>
<Product spans="139~149" text="supplement" id="P3" Type="Itself"/>
<Cancer_type spans="159~165" text="cancer" id="C0" Certainty="Hypothetical" Class="Human"/>
<Favorable_outcome spans="153~165" text="fight cancer" id="F3" Class="Cancer_related" Certainty="Hypothetical"/>
<Product spans="44~48" text="this" id="P4" Type="Itself"/>
<Favorable_outcome spans="54~69" text="quality product" id="F4" Class="Other" Certainty="Positive"/>
<Product spans="124~128" text="this" id="P5" Type="Itself"/>
<Favorable_outcome spans="134~149" text="good supplement" id="F5" Class="Other" Certainty="Positive"/>
</TAGS>
<META/>
</Amazon_Review>