<?xml version="1.0" encoding="UTF-8" ?>
<Amazon_Review>
<TEXT><![CDATA[Vitamin B17 500mg 90 capsules

My Mother was diagnosed with stage 3 breast cancer in October 2012.  Heat failure helped the cancer get diagnosed.  After looking for natural ways to help her I decided she should try this.  Her cancer was visible from looking at her breast.  She never was one to want to see a doctor for fear of bad news because of years of smoking and unhealthy living.  I guess you could say the signs were there about the breast cancer.  She lied to herself and said she thought it was a cyst.  The heart failure made her face the cancer.  We were blessed because the cancer was slow growing.  I met a wonderful Christian cancer fighter who helped me figure out a protocol for my Mother and I am so thankful to say that my Mom is also winning the fight.  Two 500 mg pills per day with super enzyme from twin lab.  The enzymes on an empty stomach.  She also takes a zinc once a day.  We watched the video on you tube.  A World Without Cancer documentary.  If my Mom runs out of the B17 or enzymes the cancer becomes visible again.  If she takes 2 per day the cancer is visibly gone.  Yes, I do insist on making my Mother show me her breast when I see her.  My Mom refuses to go back to an oncology doctor because they pretty much acted like I was a mental patient to even suggest something natural could help my Mom.  I am not a Doctor and in no way shape or form can give anyone medical advice.  I am just giving a testimony.  My Mother also fell 12 years ago and has bulging disks in her back.  The disks have made walking and getting around difficult.  In 2010 my Mother could barely walk to her seat at my wedding.  I don't know how or why but her limp is no where near as severe as before.  She doesn't complain about her physical pain and I tease her and say she reminds me of the movie Cocoon where the seniors aged in reverse.  Please read Genesis 1:12.  Many answers to questions and problems are in the bible.  I am in no way shape or form associated with this company except as a customer(i purchase for my senior mother who doesn't use a computer).  I share this message because of the scripture Revelation 12:11.
]]></TEXT>
<TAGS>
<Product spans="0~11" text="Vitamin B17" id="P0" Type="Itself"/>
<Cancer_type spans="68~81" text="breast cancer" id="C0" Certainty="Positive" Class="Human"/>
<Cancer_type spans="124~130" text="cancer" id="C1" Certainty="Positive" Class="Human"/>
<Product spans="215~219" text="this" id="P1" Type="Itself"/>
<Cancer_type spans="226~232" text="cancer" id="C2" Certainty="Positive" Class="Human"/>
<Cancer_type spans="441~454" text="breast cancer" id="C3" Certainty="Positive" Class="Human"/>
<Cancer_type spans="550~556" text="cancer" id="C4" Certainty="Positive" Class="Human"/>
<Cancer_type spans="587~593" text="cancer" id="C5" Certainty="Positive" Class="Human"/>
<Cancer_type spans="641~647" text="cancer" id="C6" Certainty="Hypothetical" Class="Human"/>
<Favorable_outcome spans="754~771" text="winning the fight" id="F0" Class="Cancer_related" Certainty="Positive"/>
<Product spans="785~790" text="pills" id="P2" Type="Itself"/>
<Product spans="804~816" text="super enzyme" id="P3" Type="Itself"/>
<Product spans="837~844" text="enzymes" id="P4" Type="Itself"/>
<Cancer_type spans="953~959" text="cancer" id="C7" Certainty="Hypothetical" Class="Human"/>
<Product spans="1000~1003" text="B17" id="P5" Type="Itself"/>
<Product spans="1007~1014" text="enzymes" id="P6" Type="Itself"/>
<Cancer_type spans="1019~1025" text="cancer" id="C8" Certainty="Positive" Class="Human"/>
<Cancer_type spans="1077~1083" text="cancer" id="C9" Certainty="Positive" Class="Human"/>
<Favorable_outcome spans="1050~1099" text="If she takes 2 per day the cancer is visibly gone" id="F1" Class="Cancer_related" Certainty="Positive"/>
<Indicated_symptom spans="1670~1674" text="limp" id="I0" Class="Cancer_related" Certainty="Positive"/>
<Favorable_outcome spans="1678~1711" text="no where near as severe as before" id="F2" Class="Cancer_related" Certainty="Positive"/>
<Indicated_symptom spans="1754~1758" text="pain" id="I1" Class="Cancer_related" Certainty="Positive"/>
</TAGS>
<META>
<label color="red"/>
</META>
</Amazon_Review>