<?xml version="1.0" encoding="UTF-8" ?>
<Amazon_Review>
<TEXT><![CDATA[Deodorant Cream 2 oz by Soapwalla

I LOVE this stuff.  It has no harsh chemicals and is all natural, is rated 0 in Skin Deep database, and most importantly, IT WORKS!  I have absolutely NO odor whatsoever.  In using the old traditional stuff, my skin would break out horribly after using it for a few months.  After jumping from deodorant to deodorant, I've found this and have had absolutely no irritation or breakouts.  It smells AMAZING, lasts all day, and one purchase will last you as long, if not longer than a deodorant stick.With the old stuff, if I didn't wear deodorant on the weekend, by Sunday I would smell.  If I don't wear Soapwalla all weekend, I still have no odor.  I recommend this to all of my friends looking for an effective, safe alternative.  Aluminum, an ingredient in antiperspirant, is being revealed as posing a health risk, and possibly being linked to breast cancer.  When I use this, I know I'm not being unnecessarily exposed to toxins and chemicals that could affect my health.  I can't say enough about this product.  It is a solid, legitimate product.
]]></TEXT>
<TAGS>
<Product spans="0~15" text="Deodorant Cream" id="P0" Type="Itself"/>
<Product spans="42~46" text="this" id="P1" Type="Itself"/>
<Product spans="55~57" text="it" id="P2" Type="Itself"/>
<Favorable_outcome spans="37~52" text="LOVE this stuff" id="F0" Class="Other" Certainty="Positive"/>
<Favorable_outcome spans="62~80" text="no harsh chemicals" id="F1" Class="Other" Certainty="Positive"/>
<Favorable_outcome spans="88~99" text="all natural" id="F2" Class="Other" Certainty="Positive"/>
<Product spans="157~159" text="it" id="P3" Type="Itself"/>
<Favorable_outcome spans="160~165" text="works" id="F3" Class="Other" Certainty="Positive"/>
<Favorable_outcome spans="104~133" text="rated 0 in Skin Deep database" id="F4" Class="Other" Certainty="Positive"/>
<Indicated_symptom spans="189~193" text="odor" id="I0" Class="Cancer_related" Certainty="Positive"/>
<Favorable_outcome spans="186~204" text="NO odor whatsoever" id="F5" Class="Other" Certainty="Positive"/>
<Product spans="364~368" text="this" id="P5" Type="Itself"/>
<Indicated_symptom spans="396~406" text="irritation" id="I1" Class="Other" Certainty="Positive"/>
<Indicated_symptom spans="410~419" text="breakouts" id="I2" Class="Other" Certainty="Positive"/>
<Favorable_outcome spans="382~419" text="absolutely no irritation or breakouts" id="F6" Class="Other" Certainty="Positive"/>
<Product spans="422~424" text="it" id="P6" Type="Itself"/>
<Favorable_outcome spans="425~439" text="smells AMAZING" id="F7" Class="Other" Certainty="Positive"/>
<Favorable_outcome spans="441~454" text="lasts all day" id="F8" Class="Other" Certainty="Positive"/>
<Favorable_outcome spans="478~532" text="last you as long, if not longer than a deodorant stick" id="F9" Class="Other" Certainty="Positive"/>
<Indicated_symptom spans="677~681" text="odor" id="I3" Class="Cancer_related" Certainty="Positive"/>
<Product spans="638~647" text="Soapwalla" id="P7" Type="Itself"/>
<Favorable_outcome spans="625~681" text="I don't wear Soapwalla all weekend, I still have no odor" id="F10" Class="Other" Certainty="Positive"/>
<Product spans="696~700" text="this" id="P8" Type="Itself"/>
<Favorable_outcome spans="686~700" text="recommend this" id="F11" Class="Other" Certainty="Positive"/>
<Cancer_type spans="882~895" text="breast cancer" id="C0" Certainty="Hypothetical" Class="Human"/>
<Product spans="909~913" text="this" id="P9" Type="Itself"/>
<Product spans="1042~1049" text="product" id="P10" Type="Itself"/>
<Product spans="1052~1054" text="it" id="P11" Type="Itself"/>
<Favorable_outcome spans="1060~1065" text="solid" id="F12" Class="Other" Certainty="Positive"/>
<Favorable_outcome spans="1067~1077" text="legitimate" id="F13" Class="Other" Certainty="Positive"/>
<Product spans="1078~1085" text="product" id="P12" Type="Itself"/>
<Indicated_symptom spans="246~266" text="skin would break out" id="I4" Class="Other" Certainty="Positive"/>
</TAGS>
<META/>
</Amazon_Review>