<?xml version="1.0" encoding="UTF-8" ?>
<Amazon_Review>
<TEXT><![CDATA[NutriFruit Freeze Dried Black Raspberry Powder 4.7oz

I have enjoyed the freeze dried black raspberry powder.  I use it as an anti-cancer food.  Thank you for the prompt delivery.
]]></TEXT>
<TAGS>
<Product spans="0~46" text="NutriFruit Freeze Dried Black Raspberry Powder" id="P0" Type="Itself"/>
<Product spans="73~108" text="freeze dried black raspberry powder" id="P1" Type="Itself"/>
<Favorable_outcome spans="61~68" text="enjoyed" id="F0" Class="Other" Certainty="Positive"/>
<Product spans="117~119" text="it" id="P2" Type="Itself"/>
<Cancer_type spans="131~137" text="cancer" id="C0" Certainty="Positive" Class="Human"/>
<Favorable_outcome spans="126~142" text="anti-cancer food" id="F1" Class="Cancer_related" Certainty="Hypothetical"/>
<Favorable_outcome spans="145~178" text="Thank you for the prompt delivery" id="F2" Class="Other" Certainty="Positive"/>
</TAGS>
<META/>
</Amazon_Review>