<?xml version="1.0" encoding="UTF-8" ?>
<Amazon_Review>
<TEXT><![CDATA[Thai Deodorant Stick Deodorant Stones of America 4.25 oz Stick

Rock Salt Thai Crystal Deodorant Stone is fantastic!  It works better than either cancer-causing or aluminum-free deodorant.  It also lasts all day, and even after a sweaty workout there's no stink!
]]></TEXT>
<TAGS>
<Product spans="0~37" text="Thai Deodorant Stick Deodorant Stones" id="P0" Type="Itself"/>
<Product spans="64~102" text="Rock Salt Thai Crystal Deodorant Stone" id="P1" Type="Itself"/>
<Product spans="118~120" text="it" id="P2" Type="Itself"/>
<Favorable_outcome spans="106~115" text="fantastic" id="F0" Class="Other" Certainty="Positive"/>
<Cancer_type spans="146~152" text="cancer" id="C0" Certainty="Hypothetical" Class="Human"/>
<Product spans="190~192" text="it" id="P3" Type="Itself"/>
<Favorable_outcome spans="121~187" text="works better than either cancer-causing or aluminum-free deodorant" id="F1" Class="Cancer_related" Certainty="Positive"/>
<Favorable_outcome spans="198~211" text="lasts all day" id="F2" Class="Other" Certainty="Positive"/>
<Favorable_outcome spans="217~261" text="even after a sweaty workout there's no stink" id="F3" Class="Other" Certainty="Positive"/>
</TAGS>
<META/>
</Amazon_Review>