<?xml version="1.0" encoding="UTF-8" ?>
<Amazon_Review>
<TEXT><![CDATA[Mepiform with Safetac&reg; Technology self adherent soft silicone sheeting, 4 X 7 Inch, 5 Count

I used this for 2 months after breast cancer surgery.  Unfortunately, it didn't hold up well to daily showers, even though I shielded it.  It does reduce scarring, though.
]]></TEXT>
<TAGS>
<Product spans="0~20" text="Mepiform with Safeta" id="P0" Type="Itself"/>
<Product spans="104~108" text="this" id="P1" Type="Itself"/>
<Cancer_type spans="128~141" text="breast cancer" id="C0" Certainty="Positive" Class="Human"/>
<Product spans="167~169" text="it" id="P2" Type="Itself"/>
<Product spans="231~233" text="it" id="P3" Type="Itself"/>
<Product spans="236~238" text="it" id="P4" Type="Itself"/>
<Favorable_outcome spans="239~259" text="does reduce scarring" id="F0" Class="Cancer_related" Certainty="Positive"/>
</TAGS>
<META/>
</Amazon_Review>