<?xml version="1.0" encoding="UTF-8" ?>
<Amazon_Review>
<TEXT><![CDATA[s Natural Solutions Skin", 

i purchased dr garber's skin formula for my mother, who just had a skin graft after surgery for melanoma - and had been told days later that the graft had not taken...she took the formula twice a day, as directed - and the next time she saw her doctor - there was skin growth!and the skin continued to grow and grow - with no further surgery needed...dr garber's formulas work!!!
]]></TEXT>
<TAGS>
<Product spans="0~24" text="s Natural Solutions Skin" id="P0" Type="Itself"/>
<Product spans="53~65" text="skin formula" id="P1" Type="Itself"/>
<Cancer_type spans="125~133" text="melanoma" id="C0" Certainty="Positive" Class="Human"/>
<Indicated_symptom spans="96~106" text="skin graft" id="I0" Class="Cancer_related" Certainty="Positive"/>
<Favorable_outcome spans="283~304" text="there was skin growth" id="F0" Class="Cancer_related" Certainty="Positive"/>
<Favorable_outcome spans="313~344" text="skin continued to grow and grow" id="F1" Class="Cancer_related" Certainty="Positive"/>
<Product spans="380~400" text="dr garber's formulas" id="P2" Type="Itself"/>
<Favorable_outcome spans="380~405" text="dr garber's formulas work" id="F2" Class="Cancer_related" Certainty="Positive"/>
<Product spans="209~216" text="formula" id="P3" Type="Itself"/>
</TAGS>
<META/>
</Amazon_Review>