<?xml version="1.0" encoding="UTF-8" ?>
<Amazon_Review>
<TEXT><![CDATA[Swanson Premium Brand Turmeric Powder, 720 mg, 240 Gelatin Caps

i read this can help with destroying cancer cells along with other supplements and healthy diet. worth a try! i heard of a mom who had lymphoma, she tried an experimental drug that ultimately destroyed her lungs - which killed her. So she died from the experimental cancer treatment, not the lymphoma. Can't help but wonder if she should of tried a holistic method instead, she might lived a bit longer - hard to say as everyone reacts differently, but something like this certainly healthier on body than all those harsh chemo treatments. Of course like anything, don't over do it and Best to consult with a reputable holistic doctor.
]]></TEXT>
<TAGS>
<Product spans="0~37" text="Swanson Premium Brand Turmeric Powder" id="P0" Type="Itself"/>
<Cancer_type spans="102~108" text="cancer" id="C0" Certainty="Positive" Class="Human"/>
<Product spans="72~76" text="this" id="P1" Type="Itself"/>
<Favorable_outcome spans="81~114" text="help with destroying cancer cells" id="F0" Class="Cancer_related" Certainty="Hypothetical"/>
<Cancer_type spans="200~208" text="lymphoma" id="C1" Certainty="Positive" Class="Human"/>
<Cancer_type spans="331~337" text="cancer" id="C2" Certainty="Hypothetical" Class="Human"/>
<Cancer_type spans="357~365" text="lymphoma" id="C3" Certainty="Positive" Class="Human"/>
<Product spans="533~537" text="this" id="P2" Type="Itself"/>
<Favorable_outcome spans="548~603" text="healthier on body than all those harsh chemo treatments" id="F1" Class="Cancer_related" Certainty="Hypothetical"/>
</TAGS>
<META/>
</Amazon_Review>