<?xml version="1.0" encoding="UTF-8" ?>
<Amazon_Review>
<TEXT><![CDATA[35% H2o2 Hydrogen Peroxide Food Grade Certified 8 OZ with 1 OZ Bottle Dropper

this has done great things for me, i sleep better, it enhanced my metabolism, it does great things for you body and it eats cancer
]]></TEXT>
<TAGS>
<Product spans="4~26" text="H2o2 Hydrogen Peroxide" id="P0" Type="Itself"/>
<Product spans="79~83" text="this" id="P1" Type="Itself"/>
<Favorable_outcome spans="88~105" text="done great things" id="F0" Class="Other" Certainty="Positive"/>
<Favorable_outcome spans="116~128" text="sleep better" id="F1" Class="Other" Certainty="Positive"/>
<Favorable_outcome spans="133~155" text="enhanced my metabolism" id="F2" Class="Other" Certainty="Positive"/>
<Favorable_outcome spans="160~190" text="does great things for you body" id="F3" Class="Other" Certainty="Positive"/>
<Cancer_type spans="203~209" text="cancer" id="C0" Certainty="Hypothetical" Class="Human"/>
<Favorable_outcome spans="198~209" text="eats cancer" id="F4" Class="Cancer_related" Certainty="Hypothetical"/>
<Product spans="130~132" text="it" id="P2" Type="Itself"/>
<Product spans="157~159" text="it" id="P3" Type="Itself"/>
<Product spans="195~197" text="it" id="P4" Type="Itself"/>
</TAGS>
<META/>
</Amazon_Review>