<?xml version="1.0" encoding="UTF-8" ?>
<Amazon_Review>
<TEXT><![CDATA[Lane Labs Noxylane 4 Double Strength Bottle

I have been taking Noxylane on and off for a couple years, but as of 2 weeks ago, I've been taking it every single day. I always feel like I have more energy, I haven't been sick, and it's even helping me lose weight.(in conjunction with diet and activity) Some people say it might prevent cancer....and while I don't know about that,I do feel so much better. I intend to keep taking it every day to support my immune system. Yeah, it's pricey but well worth it.
]]></TEXT>
<TAGS>
<Product spans="0~18" text="Lane Labs Noxylane" id="P0" Type="Itself"/>
<Product spans="64~72" text="Noxylane" id="P1" Type="Itself"/>
<Product spans="144~146" text="it" id="P2" Type="Itself"/>
<Favorable_outcome spans="191~202" text="more energy" id="F0" Class="Other" Certainty="Positive"/>
<Favorable_outcome spans="206~223" text="haven't been sick" id="F1" Class="Other" Certainty="Positive"/>
<Product spans="229~231" text="it" id="P3" Type="Itself"/>
<Favorable_outcome spans="250~261" text="lose weight" id="F2" Class="Other" Certainty="Positive"/>
<Product spans="318~320" text="it" id="P4" Type="Itself"/>
<Cancer_type spans="335~341" text="cancer" id="C0" Certainty="Hypothetical" Class="Human"/>
<Favorable_outcome spans="327~341" text="prevent cancer" id="F3" Class="Cancer_related" Certainty="Hypothetical"/>
<Favorable_outcome spans="381~403" text="do feel so much better" id="F4" Class="Other" Certainty="Positive"/>
<Product spans="429~431" text="it" id="P5" Type="Itself"/>
<Favorable_outcome spans="407~431" text="intend to keep taking it" id="F5" Class="Other" Certainty="Positive"/>
<Favorable_outcome spans="445~469" text="support my immune system" id="F6" Class="Other" Certainty="Hypothetical"/>
<Product spans="477~479" text="it" id="P6" Type="Itself"/>
<Favorable_outcome spans="493~506" text="well worth it" id="F7" Class="Other" Certainty="Positive"/>
</TAGS>
<META/>
</Amazon_Review>