<?xml version="1.0" encoding="UTF-8" ?>
<Amazon_Review>
<TEXT><![CDATA[EcoNugenics PectaSol-C Modified Citrus Pectin - 270 Vegetarian Capsules

My dad has prostate cancer and he has felt a but better when taking this and the honokial , gonna get him a reorder :)
]]></TEXT>
<TAGS>
<Product spans="0~45" text="EcoNugenics PectaSol-C Modified Citrus Pectin" id="P0" Type="Itself"/>
<Cancer_type spans="84~99" text="prostate cancer" id="C0" Certainty="Positive" Class="Human"/>
<Product spans="141~145" text="this" id="P1" Type="Itself"/>
<Product spans="154~162" text="honokial" id="P2" Type="Other"/>
<Favorable_outcome spans="111~128" text="felt a but better" id="F0" Class="Cancer_related" Certainty="Positive"/>
<Product spans="52~71" text="Vegetarian Capsules" id="P3" Type="Itself"/>
</TAGS>
<META/>
</Amazon_Review>