<?xml version="1.0" encoding="UTF-8" ?>
<Amazon_Review>
<TEXT><![CDATA[Breast Cancer Pink Ribbon Offset Cane, Height Adjustable, 250 pound capacity

The cane is well made and sturdy.  The graphics are vivid and clean and the colors are bright.  I looked around for a cane for breast cancer awareness month and I liked the looks of this one more than others I looked at.  The price was in line with products offered on other sites.
]]></TEXT>
<TAGS>
<Cancer_type spans="0~13" text="breast cancer" id="C0" Certainty="Hypothetical" Class="Human"/>
<Product spans="0~37" text="Breast Cancer Pink Ribbon Offset Cane" id="P0" Type="Itself"/>
<Product spans="82~86" text="cane" id="P1" Type="Itself"/>
<Favorable_outcome spans="90~99" text="well made" id="F0" Class="Other" Certainty="Positive"/>
<Favorable_outcome spans="104~110" text="sturdy" id="F1" Class="Other" Certainty="Positive"/>
<Favorable_outcome spans="117~135" text="graphics are vivid" id="F2" Class="Other" Certainty="Positive"/>
<Favorable_outcome spans="140~145" text="clean" id="F3" Class="Other" Certainty="Positive"/>
<Favorable_outcome spans="154~171" text="colors are bright" id="F4" Class="Other" Certainty="Positive"/>
<Product spans="196~200" text="cane" id="P2" Type="Itself"/>
<Cancer_type spans="205~218" text="breast cancer" id="C1" Certainty="Hypothetical" Class="Human"/>
<Product spans="260~268" text="this one" id="P3" Type="Itself"/>
<Favorable_outcome spans="241~285" text="liked the looks of this one more than others" id="F5" Class="Other" Certainty="Positive"/>
<Product spans="327~335" text="products" id="P4" Type="Other"/>
<Favorable_outcome spans="304~358" text="price was in line with products offered on other sites" id="F6" Class="Other" Certainty="Positive"/>
</TAGS>
<META/>
</Amazon_Review>