<?xml version="1.0" encoding="UTF-8" ?>
<Amazon_Review>
<TEXT><![CDATA[NutriFruit Freeze Dried Black Raspberry Powder 4.7oz

I purchased this product for my brother, who the day before, received a diagnosis of esophageal cancer.While I was watching the Dr Oz show that same day, he had a segment on the top supplemenations for preventing and healing cancer(s).  One of the supplements that was discussed was the usage of black raspberry powder, 300mg taken 2x per day because of the importance of the anthocyanins as healing compounds.  Well, I don't know if it was pre-destined that I watch the show that day or not but I immediately went online, ordered the powder and had it sent to my brother.I urged him to do whatever he could to take in additional nutritional supplementation through protein shakes, etc.  I cannot trust that he is using the powder or not; though I hope so because he deserves every chance at a good fight against this insidious disease.He is currently under going 5.5 weeks of chemo-radiation then will have a few weeks off to help build up his strength and then surgery will follow.  I pray that if he is using the powder then it's touted benefits kick in.
]]></TEXT>
<TAGS>
<Cancer_type spans="139~156" text="esophageal cancer" id="C0" Certainty="Positive" Class="Human"/>
<Product spans="0~46" text="NutriFruit Freeze Dried Black Raspberry Powder" id="P0" Type="Itself"/>
<Cancer_type spans="279~285" text="cancer" id="C1" Certainty="Hypothetical" Class="Human"/>
<Product spans="350~372" text="black raspberry powder" id="P1" Type="Itself"/>
<Product spans="302~313" text="supplements" id="P2" Type="Itself"/>
<Product spans="684~711" text="nutritional supplementation" id="P3" Type="Other"/>
<Product spans="1082~1084" text="it" id="P4" Type="Itself"/>
<Product spans="1070~1076" text="powder" id="P5" Type="Itself"/>
<Product spans="778~784" text="powder" id="P6" Type="Itself"/>
<Favorable_outcome spans="1087~1110" text="touted benefits kick in" id="F0" Class="Cancer_related" Certainty="Hypothetical"/>
</TAGS>
<META/>
</Amazon_Review>