<?xml version="1.0" encoding="UTF-8" ?>
<Amazon_Review>
<TEXT><![CDATA[Medline Generation Pink 3G Synthetic Exam Gloves, Medium, 100 Count

My wife uses these type of gloves in the kitchen and for general house cleaning.The 5.5 mil thickness means that won't break as easily as thinner gloves, plus you still feel things through the gloves.The added bonus is that $1 of every purchase goes to breast cancer research. Very nice.Viva La Pink!
]]></TEXT>
<TAGS>
<Product spans="0~18" text="Medline Generation" id="P0" Type="Itself"/>
<Product spans="27~48" text="Synthetic Exam Gloves" id="P1" Type="Itself"/>
<Cancer_type spans="322~335" text="breast cancer" id="C0" Certainty="Hypothetical" Class="Human"/>
<Favorable_outcome spans="346~355" text="Very nice" id="F0" Class="Other" Certainty="Positive"/>
<Product spans="96~102" text="gloves" id="P2" Type="Itself"/>
<Favorable_outcome spans="182~221" text="won't break as easily as thinner gloves" id="F1" Class="Other" Certainty="Positive"/>
<Product spans="262~268" text="gloves" id="P3" Type="Itself"/>
<Favorable_outcome spans="223~268" text="plus you still feel things through the gloves" id="F2" Class="Other" Certainty="Positive"/>
<Favorable_outcome spans="293~344" text="$1 of every purchase goes to breast cancer research" id="F3" Class="Cancer_related" Certainty="Positive"/>
</TAGS>
<META/>
</Amazon_Review>